Workbook

Sheet Data brutes
A1: Batch | B1: Specifications | C1: Variety | D1: Start of production | E1: End of production | F1: Malt Yield R2 | G1: R2 Dry | H1: Goods Weight | I1: Goods Moisture | J1: Moisture Malt Quality | K1: FAN | L1: Friability | M1: Color EBC | N1: Betaglucans
A2: 705 | B2: 2RS | C2: TRAVELER | D2: 2024-02-20T00:00:00 | E2: 2024-02-28T00:00:00 | F2: 85.39 | H2: 283.31 | I2: 13.1
A3: 706 | B3: 2RS | C3: TRAVELER | D3: 2024-02-21T00:00:00 | E3: 2024-02-29T00:00:00 | F3: 85.6 | H3: 283.31 | I3: 13.1
A4: 707 | B4: 2RS | C4: TRAVELER | D4: 2024-02-22T00:00:00 | E4: 2024-03-01T00:00:00 | F4: 86.25 | G4: 94.5 | H4: 282.33999999999997 | I4: 12.8 | J4: 4.4800000000000004 | K4: 156 | L4: 82.08 | M4: 4 | N4: 283
A5: 708 | B5: 2RS | C5: TRAVELER | D5: 2024-02-23T00:00:00 | E5: 2024-03-02T00:00:00 | F5: 86.14 | G5: 91.9 | H5: 282.41000000000003 | I5: 10.4 | J5: 4.46 | K5: 153 | L5: 81.3 | M5: 4.4000000000000004 | N5: 267
A6: 709 | B6: 2RS | C6: TRAVELER | D6: 2024-02-25T00:00:00 | E6: 2024-03-04T00:00:00 | F6: 86.17 | G6: 94.6 | H6: 284.43 | I6: 12.7 | J6: 4.2 | K6: 135 | L6: 85.14 | M6: 3.6 | N6: 282
A7: 710 | B7: IBON | C7: IBON | D7: 2024-02-26T00:00:00 | E7: 2024-03-05T00:00:00 | F7: 83.07 | G7: 93.8 | H7: 283 | I7: 15.4 | J7: 4.4400000000000004 | K7: 135 | L7: 52 | M7: 4.0999999999999996 | N7: 367
A8: 711 | B8: 2RS | C8: TRAVELER | D8: 2024-02-27T00:00:00 | E8: 2024-03-06T00:00:00 | F8: 81.92 | G8: 87.6 | H8: 294.33999999999997 | I8: 10.5 | J8: 4.33 | K8: 113 | L8: 79.260000000000005 | M8: 4.5 | N8: 293
A9: 712 | B9: 2RS | C9: TRAVELER | D9: 2024-02-28T00:00:00 | E9: 2024-03-07T00:00:00 | F9: 85.64 | G9: 90.6 | H9: 282.41000000000003 | I9: 10.1 | J9: 4.8899999999999997 | K9: 144 | L9: 79.400000000000006 | M9: 4.5 | N9: 293
A10: 713 | B10: 2RS | C10: TRAVELER | D10: 2024-02-29T00:00:00 | E10: 2024-03-08T00:00:00 | F10: 85.74 | G10: 91.3 | H10: 282.64999999999998 | I10: 10.1 | J10: 4.3 | K10: 155 | L10: 90.42 | M10: 3.7 | N10: 108
A11: 714 | B11: 2RS | C11: TRAVELER | D11: 2024-03-01T00:00:00 | E11: 2024-03-09T00:00:00 | F11: 86.28 | G11: 94.7 | H11: 282.92 | I11: 12.9 | J11: 4.42 | K11: 147 | L11: 87.8 | M11: 4.0999999999999996 | N11: 186
A12: 715 | B12: 2RS | C12: TRAVELER | D12: 2024-03-02T00:00:00 | E12: 2024-03-10T00:00:00 | F12: 85.2 | G12: 93.8 | H12: 283.22000000000003 | I12: 13.6 | J12: 4.8899999999999997 | K12: 144 | L12: 79.400000000000006 | M12: 4.5 | N12: 293
A13: 716 | B13: 2RS | C13: TRAVELER | D13: 2024-03-04T00:00:00 | E13: 2024-03-12T00:00:00 | F13: 85.05 | G13: 94.2 | H13: 282.88 | I13: 13.6 | J13: 4.29 | K13: 154 | L13: 82 | M13: 4.8 | N13: 350
A14: 717 | B14: 2RS | C14: TRAVELER | D14: 2024-03-05T00:00:00 | E14: 2024-03-13T00:00:00 | F14: 85.03 | G14: 94 | H14: 282.79000000000002 | I14: 13.4 | J14: 4.29 | K14: 154 | L14: 82.68 | M14: 4.4000000000000004 | N14: 329
A15: 718 | B15: 2RS | C15: TRAVELER | D15: 2024-03-06T00:00:00 | E15: 2024-03-14T00:00:00 | F15: 84.44 | G15: 94.6 | H15: 287.06 | I15: 14.6 | J15: 4.3 | K15: 154 | L15: 82 | M15: 4.8 | N15: 350
... A73: 776 | B73: 2RS | C73: TRAVELER | D73: 2024-05-13T00:00:00 | E73: 2024-05-21T00:00:00 | F73: 83.23 | G73: 93.8 | H73: 286.58999999999997 | I73: 15 | J73: 4.2300000000000004 | K73: 121 | L73: 81 | M73: 3.7 | N73: 266
A74: 777 | B74: 2RS | C74: TRAVELER | D74: 2024-05-14T00:00:00 | E74: 2024-05-22T00:00:00 | F74: 82.67 | G74: 93.1 | H74: 286.58 | I74: 14.9 | J74: 4.2 | L74: 73.61 | N74: 405
A75: 778 | B75: 2RS | C75: TRAVELER | D75: 2024-05-15T00:00:00 | E75: 2024-05-23T00:00:00 | F75: 83.11 | G75: 93.2 | H75: 286.47000000000003 | I75: 14.7 | J75: 4.3099999999999996 | L75: 78.16 | N75: 320
A76: 779 | B76: 2RS | C76: TRAVELER | D76: 2024-05-16T00:00:00 | E76: 2024-05-24T00:00:00 | F76: 83.32 | G76: 93.4 | H76: 282.10000000000002 | I76: 14.5 | J76: 4.13 | L76: 75.099999999999994 | N76: 298
A77: 780 | B77: IBON | C77: IBON | D77: 2024-05-17T00:00:00 | E77: 2024-05-25T00:00:00 | F77: 83.33 | G77: 93.4 | H77: 282.55 | I77: 14.9 | J77: 4.6399999999999997 | L77: 56.96 | N77: 363
A78: 781 | B78: IBON | C78: IBON | D78: 2024-05-18T00:00:00 | E78: 2024-05-26T00:00:00 | F78: 83.08 | G78: 92.9 | H78: 282.33 | I78: 14.7 | J78: 4.59 | L78: 52.5 | N78: 414
A79: 782 | B79: IBON | C79: IBON | D79: 2024-05-19T00:00:00 | E79: 2024-05-27T00:00:00 | F79: 82.37 | G79: 92.2 | H79: 282.94 | I79: 14.5 | J79: 4.28 | L79: 57 | N79: 290
A80: 783 | B80: 2RS | C80: TRAVELER | D80: 2024-05-21T00:00:00 | E80: 2024-05-29T00:00:00 | F80: 83.45 | G80: 93.4 | H80: 286.89 | I80: 14.4 | J80: 4.16 | L80: 82.32 | N80: 249
A81: 784 | B81: 2RS | C81: TRAVELER | D81: 2024-05-22T00:00:00 | E81: 2024-05-30T00:00:00 | F81: 83.37 | H81: 285.60000000000002 | I81: 14.5
A82: 785 | B82: 2RS | C82: TRAVELER | D82: 2024-05-23T00:00:00 | E82: 2024-05-31T00:00:00 | F82: 83.32 | G82: 93.5 | H82: 287.75 | I82: 14.5 | J82: 4.0199999999999996 | L82: 81.239999999999995 | N82: 376
A83: 786 | B83: 2RS | C83: TRAVELER | D83: 2024-05-24T00:00:00 | E83: 2024-06-01T00:00:00 | F83: 82.98 | G83: 93.6 | H83: 286.91000000000003 | I83: 14.9 | J83: 4.0599999999999996 | L83: 82.21 | N83: 307
A84: 787 | B84: 2RS | C84: TRAVELER | D84: 2024-05-25T00:00:00 | E84: 2024-06-02T00:00:00 | F84: 82.82 | G84: 93.4 | H84: 286.5 | I84: 14.9 | J84: 4 | L84: 83.3 | N84: 362
A85: 788 | B85: 2RS | C85: TRAVELER | D85: 2024-05-26T00:00:00 | E85: 2024-06-03T00:00:00 | F85: 83.47 | G85: 93.6 | H85: 287.02999999999997 | I85: 14.6 | J85: 4.2699999999999996 | L85: 82.8 | N85: 289
A86: 789 | B86: 2RS | C86: TRAVELER | D86: 2024-05-27T00:00:00 | E86: 2024-06-04T00:00:00 | F86: 84.8 | G86: 94.5 | H86: 286.74 | I86: 14 | J86: 4.16 | L86: 82.74 | N86: 283
A87: 790 | B87: 2RS | C87: TRAVELER | D87: 2024-05-29T00:00:00 | E87: 2024-06-06T00:00:00 | F87: 83.67 | G87: 94 | H87: 286.63 | I87: 14.3 | J87: 3.75 | K87: 130 | L87: 81 | M87: 4.0999999999999996 | N87: 273
A88: 791 | B88: 2RS | C88: TRAVELER | D88: 2024-05-30T00:00:00 | E88: 2024-06-07T00:00:00 | F88: 84.77 | G88: 94.3 | H88: 286.74 | I88: 13.9 | J88: 4.2300000000000004 | K88: 132 | L88: 81.58 | M88: 3.79 | N88: 338
A89: 792 | B89: 2RS | C89: TRAVELER | D89: 2024-05-31T00:00:00 | E89: 2024-06-08T00:00:00 | F89: 84.16 | G89: 94.2 | H89: 286.19 | I89: 14.5 | J89: 4.28 | K89: 145 | L89: 85 | M89: 3.8 | N89: 192
A90: 793 | B90: IBON | C90: IBON | D90: 2024-06-01T00:00:00 | E90: 2024-06-09T00:00:00 | F90: 83.55 | G90: 93.2 | H90: 282.63 | I90: 14.2 | J90: 4.33 | K90: 157 | L90: 54.2 | M90: 5.3 | N90: 400
A91: 794 | B91: IBON | C91: IBON | D91: 2024-06-02T00:00:00 | E91: 2024-06-10T00:00:00 | F91: 83.4 | G91: 93 | H91: 283.19 | I91: 14.3 | J91: 4.46 | K91: 163 | L91: 52 | M91: 5.8 | N91: 333
A92: 795 | B92: IBON | C92: IBON | D92: 2024-06-03T00:00:00 | E92: 2024-06-11T00:00:00 | F92: 82.64 | G92: 92.3 | H92: 283.10000000000002 | I92: 14.4 | J92: 4.38 | K92: 167 | L92: 55.8 | M92: 5.6 | N92: 402
A93: 796 | B93: 2RS | C93: TRAVELER | D93: 2024-06-05T00:00:00 | E93: 2024-06-13T00:00:00 | F93: 84.17 | G93: 93.6 | H93: 287.57 | I93: 14 | J93: 4.34 | K93: 118 | L93: 83.12 | M93: 3.16 | N93: 252
A94: 797 | B94: 2RS | C94: TRAVELER | D94: 2024-06-06T00:00:00 | E94: 2024-06-14T00:00:00 | F94: 84.19 | G94: 93.8 | H94: 287.44 | I94: 14.1 | J94: 4.2699999999999996 | K94: 117 | L94: 79.34 | M94: 3.19 | N94: 305
A95: 798 | B95: 2RS | C95: TRAVELER | D95: 2024-06-07T00:00:00 | E95: 2024-06-15T00:00:00 | F95: 84.01 | G95: 93.7 | H95: 286.73 | I95: 14.3 | J95: 4.45 | K95: 119 | L95: 79.7 | M95: 3.25 | N95: 313
A96: 799 | B96: 2RS | C96: TRAVELER | D96: 2024-06-08T00:00:00 | E96: 2024-06-16T00:00:00 | F96: 83.55 | G96: 93.4 | H96: 286.89 | I96: 14.1 | J96: 3.94 | K96: 118 | L96: 82.94 | M96: 3.6 | N96: 297
A97: 800 | B97: 2RS | C97: TRAVELER | D97: 2024-06-09T00:00:00 | E97: 2024-06-17T00:00:00 | F97: 83.36 | G97: 93.1 | H97: 287.56 | I97: 13.9 | J97: 3.81 | K97: 120 | L97: 90.8 | M97: 3.4 | N97: 177
A98: 801 | B98: 2RS | C98: TRAVELER | D98: 2024-06-10T00:00:00 | E98: 2024-06-18T00:00:00 | F98: 83.35 | G98: 93.5 | H98: 287.43 | I98: 14.3 | J98: 3.91 | K98: 121 | L98: 85.62 | M98: 3.65 | N98: 225
... A147: 850 | B147: 2RS | C147: TRAVELER | D147: 2024-08-14T00:00:00 | E147: 2024-08-22T00:00:00 | F147: 84.21 | G147: 93.9 | H147: 285.75 | I147: 14.2 | J147: 4.38 | K147: 128 | L147: 75.209999999999994 | M147: 3.7 | N147: 424
A148: 851 | B148: IBON | C148: IBON | D148: 2024-08-15T00:00:00 | E148: 2024-08-23T00:00:00 | F148: 83.97 | H148: 281.29000000000002 | J148: 4.93 | K148: 136 | L148: 50.62 | M148: 4.9000000000000004 | N148: 585
A149: 852 | B149: IBON | C149: IBON | D149: 2024-08-17T00:00:00 | E149: 2024-08-25T00:00:00 | F149: 84.19 | G149: 93.8 | H149: 277.47000000000003 | I149: 14.4 | J149: 4.66 | K149: 135 | L149: 43.48 | M149: 5.8 | N149: 687
A150: 853 | B150: 2RS | C150: TRAVELER | D150: 2024-08-18T00:00:00 | E150: 2024-08-26T00:00:00 | F150: 83.99 | G150: 93.5 | H150: 284.02999999999997 | I150: 14.3 | J150: 4.57 | K150: 137 | L150: 78.459999999999994 | M150: 4 | N150: 314
A151: 854 | B151: 2RS | C151: TRAVELER | D151: 2024-08-19T00:00:00 | E151: 2024-08-27T00:00:00 | F151: 84.3 | G151: 93.6 | H151: 286.47000000000003 | I151: 14.3 | J151: 4.9000000000000004 | K151: 144 | L151: 79 | M151: 4.2300000000000004 | N151: 239
A152: 855 | B152: 2RS | C152: TRAVELER | D152: 2024-08-20T00:00:00 | E152: 2024-08-28T00:00:00 | F152: 83.45 | G152: 93.3 | H152: 277.23 | I152: 14.6 | J152: 4.5
A153: 856 | B153: 2RS | C153: TRAVELER | D153: 2024-08-21T00:00:00 | E153: 2024-08-29T00:00:00 | F153: 83.51 | G153: 93.4 | H153: 285.91000000000003 | I153: 14.6 | J153: 4.4800000000000004 | K153: 125 | L153: 76.5 | M153: 4.0999999999999996 | N153: 325
A154: 857 | B154: 2RS | C154: TRAVELER | D154: 2024-08-22T00:00:00 | E154: 2024-08-30T00:00:00 | F154: 83.6 | G154: 93.9 | H154: 285.63 | I154: 14.9 | J154: 4.46 | K154: 124 | L154: 75.680000000000007 | M154: 4.0199999999999996 | N154: 413
A155: 858 | B155: 2RS | C155: TRAVELER | D155: 2024-08-24T00:00:00 | E155: 2024-09-01T00:00:00 | F155: 83.83 | G155: 93.4 | H155: 286.86 | I155: 14.7 | J155: 4.99 | K155: 134.4 | L155: 71.83 | M155: 4.0999999999999996 | N155: 387
A156: 859 | B156: 2RS | C156: TRAVELER | D156: 2024-08-25T00:00:00 | E156: 2024-09-02T00:00:00 | F156: 84.02 | G156: 93.9 | H156: 286.62 | I156: 14.5 | J156: 4.41 | K156: 134 | L156: 85.12 | M156: 3.91 | N156: 213
A157: 860 | B157: 2RS | C157: TRAVELER | D157: 2024-08-26T00:00:00 | E157: 2024-09-03T00:00:00 | F157: 83.73 | G157: 93.5 | H157: 285.33 | I157: 14.5 | J157: 4.49 | K157: 135 | L157: 77.97 | M157: 4.3 | N157: 270
A158: 861 | B158: IBON | C158: IBON | D158: 2024-08-27T00:00:00 | E158: 2024-09-04T00:00:00 | F158: 84.76 | G158: 94.6 | H158: 281.64 | I158: 14.5 | J158: 4.5999999999999996 | K158: 125 | L158: 42.7 | M158: 4.8 | N158: 683
A159: 862 | B159: 2RS | C159: TRAVELER | D159: 2024-08-29T00:00:00 | E159: 2024-09-06T00:00:00 | F159: 83.36 | G159: 93.4 | H159: 285.44 | I159: 14.7 | J159: 4.45 | K159: 140 | L159: 84.45 | M159: 4 | N159: 190
A160: 863 | B160: 2RS | C160: TRAVELER | D160: 2024-08-30T00:00:00 | E160: 2024-09-07T00:00:00 | F160: 83.97 | G160: 93.9 | H160: 286.11 | I160: 14.2 | J160: 4.0999999999999996 | K160: 135 | L160: 84.72 | M160: 4.4000000000000004 | N160: 208
A161: 864 | B161: 2RS | C161: TRAVELER | D161: 2024-08-31T00:00:00 | E161: 2024-09-08T00:00:00 | F161: 83.21 | G161: 92.9 | H161: 286.13 | I161: 14.6 | J161: 4.63 | K161: 123 | L161: 78.7 | M161: 4.26 | N161: 270
A162: 865 | B162: 2RS | C162: TRAVELER | D162: 2024-09-01T00:00:00 | E162: 2024-09-09T00:00:00 | F162: 83.69 | G162: 93.7 | H162: 285.99 | I162: 14.7 | J162: 4.45 | K162: 130 | L162: 79.05 | M162: 3.9 | N162: 282
A163: 866 | B163: 2RS | C163: TRAVELER | D163: 2024-09-02T00:00:00 | E163: 2024-09-10T00:00:00 | F163: 83.07 | G163: 93.1 | H163: 286.83 | I163: 14.8 | J163: 4.55 | K163: 141 | L163: 80.900000000000006 | M163: 4.38 | N163: 233
A164: 867 | B164: 2RS | C164: TRAVELER | D164: 2024-09-04T00:00:00 | E164: 2024-09-12T00:00:00 | F164: 83.82 | G164: 94 | H164: 284.27999999999997 | I164: 14.8 | J164: 4.47 | K164: 146 | L164: 77.38 | M164: 4.4000000000000004 | N164: 251
... A186: 889 | B186: 2RS | C186: FAQ | D186: 2024-11-17T00:00:00 | E186: 2024-11-25T00:00:00 | F186: 84.26 | G186: 92.7 | H186: 286.14999999999998 | I186: 13 | J186: 4.2699999999999996 | K186: 133 | L186: 87.5 | M186: 3.1 | N186: 343
A187: 890 | B187: 2RS | C187: FAQ | D187: 2024-11-18T00:00:00 | E187: 2024-11-26T00:00:00 | F187: 86.01 | H187: 285.62 | J187: 4.04 | K187: 148 | L187: 88.54 | M187: 3.4 | N187: 314
A188: 891 | B188: 2RS | C188: FAQ | D188: 2024-11-19T00:00:00 | E188: 2024-11-27T00:00:00 | F188: 85.47 | H188: 285.52999999999997 | J188: 4.34 | K188: 137 | L188: 86.2 | M188: 3.2 | N188: 370
A189: 892 | B189: 2RS | C189: FAQ | D189: 2024-11-20T00:00:00 | E189: 2024-11-28T00:00:00 | F189: 84.84 | G189: 93.1 | H189: 285.61 | I189: 13.1 | J189: 4.62 | K189: 128 | L189: 85.78 | M189: 3 | N189: 341
A190: 893 | B190: 2RS | C190: FAQ | D190: 2024-11-22T00:00:00 | E190: 2024-11-30T00:00:00 | F190: 84.7 | G190: 93 | H190: 286.14 | I190: 13 | J190: 4.4800000000000004 | K190: 128 | L190: 84.39 | M190: 3 | N190: 286
A191: 894 | B191: 2RS | C191: FAQ | D191: 2024-11-23T00:00:00 | E191: 2024-12-01T00:00:00 | F191: 84.99 | G191: 93.2 | H191: 286 | I191: 13.1 | J191: 4.74 | K191: 152 | L191: 86.42 | M191: 3.3 | N191: 277
A192: 895 | B192: 2RS | C192: FAQ | D192: 2024-11-24T00:00:00 | E192: 2024-11-30T00:00:00 | F192: 84.81 | G192: 93.1 | H192: 286.8 | I192: 12.9 | J192: 4.4000000000000004 | K192: 141 | L192: 88.17 | M192: 3.2 | N192: 278
A193: 896 | B193: 2RS | C193: FAQ | D193: 2024-11-25T00:00:00 | E193: 2024-12-02T00:00:00 | F193: 85.71 | G193: 94 | H193: 288.45999999999998 | I193: 12.8 | J193: 4.33 | K193: 138 | L193: 87.12 | M193: 2.8 | N193: 282
A194: 897 | B194: 2RS | C194: FAQ | D194: 2024-11-26T00:00:00 | E194: 2024-12-03T00:00:00 | F194: 83.21 | H194: 295.77999999999997 | J194: 4.32 | K194: 132 | L194: 86.01 | M194: 4.3 | N194: 346
A195: 898 | B195: 2RS | C195: FAQ | D195: 2024-11-28T00:00:00 | E195: 2024-12-04T00:00:00 | F195: 83.12 | H195: 286.33 | I195: 12.9
A196: 899 | B196: 2RS | C196: FAQ | D196: 2024-11-29T00:00:00 | E196: 2024-12-05T00:00:00 | F196: 82.32 | H196: 286.29000000000002 | I196: 13.1
A197: 900 | B197: 2RS | C197: FAQ | D197: 2024-11-30T00:00:00 | E197: 2024-12-07T00:00:00 | F197: 82.71 | H197: 286.31 | I197: 13.2
A198: 901 | B198: 2RS | C198: FAQ | D198: 2024-12-01T00:00:00 | E198: 2024-12-08T00:00:00 | F198: 83.6 | G198: 91.6 | H198: 285.25 | I198: 12.6 | J198: 4.24 | K198: 160 | L198: 88.79 | M198: 3.5 | N198: 362
A199: 902 | B199: 2RS | C199: FAQ | D199: 2024-12-02T00:00:00 | E199: 2024-12-09T00:00:00 | F199: 83.86 | G199: 92 | H199: 285.5 | I199: 12.9 | J199: 4.3899999999999997 | K199: 134 | L199: 87.53 | M199: 2.9 | N199: 360
A200: 903 | B200: 2RS | C200: FAQ | D200: 2024-12-04T00:00:00 | E200: 2024-12-12T00:00:00 | F200: 83.41 | G200: 91.5 | H200: 285.41000000000003 | I200: 12.7 | J200: 4.26 | K200: 163 | L200: 88.24 | M200: 3.7 | N200: 320
A201: 904 | B201: 2RS | C201: FAQ | D201: 2024-12-05T00:00:00 | E201: 2024-12-12T00:00:00 | F201: 83.97 | H201: 286.11 | I201: 12.9
A202: 905 | B202: 2RS | C202: FAQ | D202: 2024-12-06T00:00:00 | E202: 2024-12-13T00:00:00 | F202: 84.29 | H202: 284.37 | I202: 13.1
A203: 906 | B203: 2RS | C203: FAQ | D203: 2024-12-07T00:00:00 | E203: 2024-12-14T00:00:00 | F203: 80.88 | H203: 286.56 | I203: 12.8
A204: 907 | B204: 2RS | C204: FAQ | D204: 2024-12-09T00:00:00 | E204: 2024-12-17T00:00:00 | F204: 85.82 | H204: 286.55 | I204: 12.8
A205: 908 | B205: 2RS | C205: FAQ | D205: 2024-12-10T00:00:00 | E205: 2024-12-17T00:00:00 | F205: 83.29 | H205: 286.47000000000003 | I205: 12.7
A206: 909 | B206: 2RS | C206: FAQ | D206: 2024-12-11T00:00:00 | E206: 2024-12-18T00:00:00 | F206: 83.4 | H206: 286.7 | I206: 12.7
A207: 910 | B207: 2RS | C207: FAQ | D207: 2024-12-12T00:00:00 | E207: 2024-12-19T00:00:00 | F207: 84.55 | H207: 286.69 | I207: 12.7
A208: 911 | B208: 2RS | C208: FAQ | D208: 2024-12-15T00:00:00 | E208: 2024-12-21T00:00:00 | F208: 85.48 | H208: 287.04000000000002 | I208: 12.8
A209: 912 | B209: 2RS | C209: FAQ | D209: 2024-12-16T00:00:00 | E209: 2024-12-24T00:00:00 | F209: 86.16 | H209: 286.33999999999997 | I209: 12.7
A210: 913 | B210: 2RS | C210: FAQ | D210: 2024-12-17T00:00:00 | E210: 2024-12-24T00:00:00 | F210: 86.39 | H210: 286.70999999999998 | I210: 12.7
A211: 914 | B211: 2RS | C211: FAQ | D211: 2024-12-19T00:00:00 | E211: 2024-12-26T00:00:00 | F211: 86.06 | H211: 286.79000000000002 | I211: 12.4
A212: 915 | B212: 2RS | C212: FAQ | D212: 2024-12-21T00:00:00 | E212: 2024-12-27T00:00:00 | F212: 86.1 | H212: 286.51 | I212: 12.6
... A225: 928 | B225: 2RS | C225: FAQ | D225: 2025-01-06T00:00:00 | E225: 2025-01-13T00:00:00 | F225: 85.05 | H225: 286.18 | I225: 12.7
A226: 929 | B226: 2RS | C226: FAQ | D226: 2025-01-07T00:00:00 | E226: 2025-01-14T00:00:00 | F226: 82.89 | H226: 286.18
A227: 930 | B227: 2RS | C227: FAQ | D227: 2025-01-08T00:00:00 | E227: 2025-01-15T00:00:00 | F227: 84.35 | H227: 286.14 | I227: 12.6
A228: 931 | B228: 2RS | C228: FAQ | D228: 2025-01-09T00:00:00 | E228: 2025-01-16T00:00:00 | F228: 85.16 | H228: 284.68 | I228: 12.7
A229: 932 | B229: 2RS | C229: FAQ | D229: 2025-01-11T00:00:00 | E229: 2025-01-19T00:00:00 | F229: 85.18 | H229: 286.19 | I229: 12.7
A230: 933 | B230: 2RS | C230: FAQ | D230: 2025-01-12T00:00:00 | E230: 2025-01-18T00:00:00 | F230: 85.26 | H230: 286.22000000000003 | I230: 12.6
A231: 934 | B231: 2RS | C231: FAQ | D231: 2025-01-13T00:00:00 | E231: 2025-01-20T00:00:00 | F231: 84.6 | H231: 285.95999999999998 | I231: 12.4
A232: 935 | B232: 2RS | C232: FAQ | D232: 2025-01-14T00:00:00 | E232: 2025-01-21T00:00:00 | F232: 84.32 | H232: 285.73 | I232: 12.6
A233: 936 | B233: 2RS | C233: FAQ | D233: 2025-01-16T00:00:00 | E233: 2025-01-22T00:00:00 | F233: 84.71 | H233: 286.27 | I233: 12.4
A234: 937 | B234: 2RS | C234: FAQ | D234: 2025-01-17T00:00:00 | E234: 2025-01-24T00:00:00 | F234: 84.63 | H234: 285.06 | I234: 12.6
A235: 938 | B235: 2RS | C235: FAQ | D235: 2025-01-18T00:00:00 | E235: 2025-01-25T00:00:00 | F235: 84.51 | H235: 287.14999999999998 | I235: 12.6
A236: 939 | B236: 2RS | C236: FAQ | D236: 2025-01-19T00:00:00 | E236: 2025-01-26T00:00:00 | F236: 84.52 | H236: 286.93 | I236: 12.7
A237: 940 | B237: 2RS | C237: FAQ | D237: 2025-01-21T00:00:00 | E237: 2025-01-27T00:00:00 | F237: 85.08 | H237: 287.04000000000002 | I237: 12.6
A238: 941 | B238: 2RS | C238: FAQ | D238: 2025-01-22T00:00:00 | E238: 2025-01-28T00:00:00 | F238: 84.69 | H238: 286.95999999999998 | I238: 12.6
...

Sheet Data filtrees
A1: Batch | B1: Cahier des charges | C1: Mois | D1: Fin de production | E1: Cle | F1: malt_yield_r2 | G1: malt_dry_yield | H1: goods_weight | I1: goods_moisture | J1: malt_moisture | K1: FAN | L1: friabilite | M1: coloration_EBC | N1: betaG
A2: 705 | B2: 2RS | C2: 2 | D2: 45350 | E2: 2RS-2 | F2: 85.39 | H2: 283.31 | I2: 13.1
A3: 706 | B3: 2RS | C3: 2 | D3: 45351 | E3: 2RS-2 | F3: 85.6 | H3: 283.31 | I3: 13.1
A4: 707 | B4: 2RS | C4: 3 | D4: 45352 | E4: 2RS-3 | F4: 86.25 | G4: 94.5 | H4: 282.34 | I4: 12.8 | J4: 4.48 | K4: 156 | L4: 82.08 | M4: 4 | N4: 283
A5: 708 | B5: 2RS | C5: 3 | D5: 45353 | E5: 2RS-3 | F5: 86.14 | G5: 91.9 | H5: 282.41 | I5: 10.4 | J5: 4.46 | K5: 153 | L5: 81.3 | M5: 4.4 | N5: 267
A6: 709 | B6: 2RS | C6: 3 | D6: 45355 | E6: 2RS-3 | F6: 86.17 | G6: 94.6 | H6: 284.43 | I6: 12.7 | J6: 4.2 | K6: 135 | L6: 85.14 | M6: 3.6 | N6: 282
A7: 710 | B7: IBON | C7: 3 | D7: 45356 | E7: IBON-3 | F7: 83.07 | G7: 93.8 | H7: 283 | I7: 15.4 | J7: 4.44 | K7: 135 | L7: 52 | M7: 4.1 | N7: 367
A8: 711 | B8: 2RS | C8: 3 | D8: 45357 | E8: 2RS-3 | F8: 81.92 | G8: 87.6 | H8: 294.34 | I8: 10.5 | J8: 4.33 | K8: 113 | L8: 79.26 | M8: 4.5 | N8: 293
A9: 712 | B9: 2RS | C9: 3 | D9: 45358 | E9: 2RS-3 | F9: 85.64 | G9: 90.6 | H9: 282.41 | I9: 10.1 | J9: 4.89 | K9: 144 | L9: 79.4 | M9: 4.5 | N9: 293
A10: 713 | B10: 2RS | C10: 3 | D10: 45359 | E10: 2RS-3 | F10: 85.74 | G10: 91.3 | H10: 282.65 | I10: 10.1 | J10: 4.3 | K10: 155 | L10: 90.42 | M10: 3.7
A11: 714 | B11: 2RS | C11: 3 | D11: 45360 | E11: 2RS-3 | F11: 86.28 | G11: 94.7 | H11: 282.92 | I11: 12.9 | J11: 4.42 | K11: 147 | L11: 87.8 | M11: 4.1 | N11: 186
A12: 715 | B12: 2RS | C12: 3 | D12: 45361 | E12: 2RS-3 | F12: 85.2 | G12: 93.8 | H12: 283.22 | I12: 13.6 | J12: 4.89 | K12: 144 | L12: 79.4 | M12: 4.5 | N12: 293
A13: 716 | B13: 2RS | C13: 3 | D13: 45363 | E13: 2RS-3 | F13: 85.05 | G13: 94.2 | H13: 282.88 | I13: 13.6 | J13: 4.29 | K13: 154 | L13: 82 | M13: 4.8 | N13: 350
A14: 717 | B14: 2RS | C14: 3 | D14: 45364 | E14: 2RS-3 | F14: 85.03 | G14: 94 | H14: 282.79 | I14: 13.4 | J14: 4.29 | K14: 154 | L14: 82.68 | M14: 4.4 | N14: 329
A15: 718 | B15: 2RS | C15: 3 | D15: 45365 | E15: 2RS-3 | F15: 84.44 | G15: 94.6 | H15: 287.06 | I15: 14.6 | J15: 4.3 | K15: 154 | L15: 82 | M15: 4.8 | N15: 350
A16: 719 | B16: IBON | C16: 3 | D16: 45366 | E16: IBON-3 | F16: 83.43 | G16: 94.9 | H16: 275.43 | I16: 15.9 | J16: 4.32 | K16: 142 | L16: 54.7 | M16: 4.2 | N16: 329
A17: 720 | B17: 2RS | C17: 3 | D17: 45367 | E17: 2RS-3 | F17: 85.48 | G17: 94.7 | H17: 283.21 | I17: 13.4 | J17: 4.1 | K17: 151 | L17: 82.8 | M17: 4.29 | N17: 311
A18: 721 | B18: IBON | C18: 3 | D18: 45368 | E18: IBON-3 | F18: 84.06 | G18: 94.7 | I18: 15.2 | J18: 4.43 | K18: 137 | L18: 52 | M18: 4.4
A19: 722 | B19: 2RS | C19: 3 | D19: 45369 | E19: 2RS-3 | F19: 85.17 | G19: 94.6 | H19: 286.99 | I19: 13.7 | J19: 4.14 | K19: 153 | L19: 84.32 | M19: 4.8 | N19: 324
A20: 723 | B20: 2RS | C20: 3 | D20: 45371 | E20: 2RS-3 | F20: 84.87 | G20: 95.4 | H20: 283.35 | I20: 14.9 | J20: 4.39 | K20: 129 | L20: 78 | M20: 3.9 | N20: 420
A21: 724 | B21: IBON | C21: 3 | D21: 45372 | E21: IBON-3 | F21: 83.38 | G21: 91.3 | I21: 12.5 | J21: 4.16 | K21: 135 | L21: 56.2 | M21: 4.2
A22: 725 | B22: IBON | C22: 3 | D22: 45373 | E22: IBON-3 | F22: 83.21 | G22: 94.2 | I22: 15.6 | J22: 4.42 | K22: 142 | L22: 52.8 | M22: 3.4
A23: 726 | B23: IBON | C23: 3 | D23: 45374 | E23: IBON-3 | F23: 83.32 | G23: 94 | I23: 15 | J23: 4.15 | K23: 155 | L23: 58.1 | M23: 4.7 | N23: 302
A24: 727 | B24: IBON | C24: 3 | D24: 45375 | E24: IBON-3 | F24: 83.35 | G24: 94.1 | H24: 275.12 | I24: 15.2 | J24: 4.27 | K24: 144 | L24: 52 | M24: 3.8 | N24: 388
A25: 728 | B25: IBON | C25: 3 | D25: 45376 | E25: IBON-3 | F25: 83.8 | G25: 94.2 | I25: 15 | J25: 4.47 | K25: 137 | L25: 49 | M25: 3.6 | N25: 425
A26: 729 | B26: 2RS | C26: 3 | D26: 45378 | E26: 2RS-3 | F26: 84.13 | G26: 94.4 | H26: 282.76 | I26: 14.9 | J26: 4.55 | K26: 138 | L26: 81 | M26: 3.34 | N26: 267
A27: 730 | B27: 2RS | C27: 3 | D27: 45379 | E27: 2RS-3 | F27: 84.06 | G27: 94.8 | H27: 287.72 | I27: 15.1 | J27: 4.29 | K27: 115 | L27: 82.2 | M27: 3.4 | N27: 292
A28: 731 | B28: 2RS | C28: 3 | D28: 45380 | E28: 2RS-3 | F28: 84.01 | G28: 94.4 | H28: 286.75 | I28: 14.9 | J28: 4.34 | K28: 126 | L28: 83.48 | M28: 4 | N28: 188
A29: 732 | B29: 2RS | C29: 3 | D29: 45381 | E29: 2RS-3 | F29: 85.14 | G29: 95.4 | H29: 283.06 | I29: 14.6 | J29: 4.31 | K29: 132 | L29: 84.28 | M29: 3.88 | N29: 178
A30: 733 | B30: 2RS | C30: 3 | D30: 45382 | E30: 2RS-3 | F30: 86.26 | G30: 96.3 | H30: 287.1 | I30: 14.5 | J30: 4.52 | K30: 130 | L30: 87 | M30: 4.2 | N30: 150
A31: 734 | B31: 2RS | C31: 4 | D31: 45383 | E31: 2RS-4 | F31: 83.47 | G31: 93.7 | H31: 287.9 | I31: 14.8 | J31: 4.36 | K31: 124 | L31: 84.2 | M31: 4.15 | N31: 172
A32: 735 | B32: 2RS | C32: 4 | D32: 45384 | E32: 2RS-4 | F32: 82.81 | G32: 92.7 | H32: 286.89 | I32: 14.8 | J32: 4.61 | K32: 138 | L32: 82.48 | M32: 4.5 | N32: 154
A33: 736 | B33: 2RS | C33: 4 | D33: 45385 | E33: 2RS-4 | F33: 84.16 | G33: 94 | H33: 286.34 | I33: 14.3 | J33: 4.32 | K33: 128 | L33: 83.12 | M33: 3.9 | N33: 203
A34: 737 | B34: 2RS | C34: 4 | D34: 45387 | E34: 2RS-4 | F34: 83.24 | G34: 93.4 | H34: 286.97 | I34: 14.8 | J34: 4.4 | K34: 138 | L34: 84.9 | M34: 4.1 | N34: 145
A35: 738 | B35: 2RS | C35: 4 | D35: 45388 | E35: 2RS-4 | F35: 83.33 | G35: 93.8 | H35: 286.49 | I35: 14.9 | J35: 4.24 | K35: 133 | L35: 84.76 | M35: 4.09 | N35: 170
A36: 739 | B36: 2RS | C36: 4 | D36: 45390 | E36: 2RS-4 | F36: 83.68 | G36: 93.7 | H36: 285.75 | I36: 14.7 | J36: 4.53 | K36: 137 | L36: 84.96 | M36: 3.89 | N36: 175
A37: 740 | B37: 2RS | C37: 4 | D37: 45391 | E37: 2RS-4 | F37: 84.29 | G37: 94.7 | H37: 285.92 | I37: 15 | J37: 4.47 | K37: 134 | L37: 81.22 | M37: 3.86 | N37: 208
... A73: 776 | B73: 2RS | C73: 5 | D73: 45433 | E73: 2RS-5 | F73: 83.23 | G73: 93.8 | H73: 286.59 | I73: 15 | J73: 4.23 | K73: 121 | L73: 81 | M73: 3.7 | N73: 266
A74: 777 | B74: 2RS | C74: 5 | D74: 45434 | E74: 2RS-5 | F74: 82.67 | G74: 93.1 | H74: 286.58 | I74: 14.9 | J74: 4.2 | L74: 73.61 | N74: 405
A75: 778 | B75: 2RS | C75: 5 | D75: 45435 | E75: 2RS-5 | F75: 83.11 | G75: 93.2 | H75: 286.47 | I75: 14.7 | J75: 4.31 | L75: 78.16 | N75: 320
A76: 779 | B76: 2RS | C76: 5 | D76: 45436 | E76: 2RS-5 | F76: 83.32 | G76: 93.4 | H76: 282.1 | I76: 14.5 | J76: 4.13 | L76: 75.1 | N76: 298
A77: 780 | B77: IBON | C77: 5 | D77: 45437 | E77: IBON-5 | F77: 83.33 | G77: 93.4 | H77: 282.55 | I77: 14.9 | J77: 4.64 | L77: 56.96 | N77: 363
A78: 781 | B78: IBON | C78: 5 | D78: 45438 | E78: IBON-5 | F78: 83.08 | G78: 92.9 | H78: 282.33 | I78: 14.7 | J78: 4.59 | L78: 52.5 | N78: 414
A79: 782 | B79: IBON | C79: 5 | D79: 45439 | E79: IBON-5 | F79: 82.37 | G79: 92.2 | H79: 282.94 | I79: 14.5 | J79: 4.28 | L79: 57 | N79: 290
A80: 783 | B80: 2RS | C80: 5 | D80: 45441 | E80: 2RS-5 | F80: 83.45 | G80: 93.4 | H80: 286.89 | I80: 14.4 | J80: 4.16 | L80: 82.32 | N80: 249
A81: 784 | B81: 2RS | C81: 5 | D81: 45442 | E81: 2RS-5 | F81: 83.37 | H81: 285.6 | I81: 14.5
A82: 785 | B82: 2RS | C82: 5 | D82: 45443 | E82: 2RS-5 | F82: 83.32 | G82: 93.5 | H82: 287.75 | I82: 14.5 | J82: 4.02 | L82: 81.24 | N82: 376
A83: 786 | B83: 2RS | C83: 6 | D83: 45444 | E83: 2RS-6 | F83: 82.98 | G83: 93.6 | H83: 286.91 | I83: 14.9 | J83: 4.06 | L83: 82.21 | N83: 307
A84: 787 | B84: 2RS | C84: 6 | D84: 45445 | E84: 2RS-6 | F84: 82.82 | G84: 93.4 | H84: 286.5 | I84: 14.9 | J84: 4 | L84: 83.3 | N84: 362
A85: 788 | B85: 2RS | C85: 6 | D85: 45446 | E85: 2RS-6 | F85: 83.47 | G85: 93.6 | H85: 287.03 | I85: 14.6 | J85: 4.27 | L85: 82.8 | N85: 289
A86: 789 | B86: 2RS | C86: 6 | D86: 45447 | E86: 2RS-6 | F86: 84.8 | G86: 94.5 | H86: 286.74 | I86: 14 | J86: 4.16 | L86: 82.74 | N86: 283
A87: 790 | B87: 2RS | C87: 6 | D87: 45449 | E87: 2RS-6 | F87: 83.67 | G87: 94 | H87: 286.63 | I87: 14.3 | J87: 3.75 | K87: 130 | L87: 81 | M87: 4.1 | N87: 273
A88: 791 | B88: 2RS | C88: 6 | D88: 45450 | E88: 2RS-6 | F88: 84.77 | G88: 94.3 | H88: 286.74 | I88: 13.9 | J88: 4.23 | K88: 132 | L88: 81.58 | M88: 3.79 | N88: 338
A89: 792 | B89: 2RS | C89: 6 | D89: 45451 | E89: 2RS-6 | F89: 84.16 | G89: 94.2 | H89: 286.19 | I89: 14.5 | J89: 4.28 | K89: 145 | L89: 85 | M89: 3.8 | N89: 192
A90: 793 | B90: IBON | C90: 6 | D90: 45452 | E90: IBON-6 | F90: 83.55 | G90: 93.2 | H90: 282.63 | I90: 14.2 | J90: 4.33 | K90: 157 | L90: 54.2 | M90: 5.3 | N90: 400
A91: 794 | B91: IBON | C91: 6 | D91: 45453 | E91: IBON-6 | F91: 83.4 | G91: 93 | H91: 283.19 | I91: 14.3 | J91: 4.46 | K91: 163 | L91: 52 | M91: 5.8 | N91: 333
A92: 795 | B92: IBON | C92: 6 | D92: 45454 | E92: IBON-6 | F92: 82.64 | G92: 92.3 | H92: 283.1 | I92: 14.4 | J92: 4.38 | K92: 167 | L92: 55.8 | M92: 5.6 | N92: 402
A93: 796 | B93: 2RS | C93: 6 | D93: 45456 | E93: 2RS-6 | F93: 84.17 | G93: 93.6 | H93: 287.57 | I93: 14 | J93: 4.34 | K93: 118 | L93: 83.12 | M93: 3.16 | N93: 252
A94: 797 | B94: 2RS | C94: 6 | D94: 45457 | E94: 2RS-6 | F94: 84.19 | G94: 93.8 | H94: 287.44 | I94: 14.1 | J94: 4.27 | K94: 117 | L94: 79.34 | M94: 3.19 | N94: 305
A95: 798 | B95: 2RS | C95: 6 | D95: 45458 | E95: 2RS-6 | F95: 84.01 | G95: 93.7 | H95: 286.73 | I95: 14.3 | J95: 4.45 | K95: 119 | L95: 79.7 | M95: 3.25 | N95: 313
A96: 799 | B96: 2RS | C96: 6 | D96: 45459 | E96: 2RS-6 | F96: 83.55 | G96: 93.4 | H96: 286.89 | I96: 14.1 | J96: 3.94 | K96: 118 | L96: 82.94 | M96: 3.6 | N96: 297
A97: 800 | B97: 2RS | C97: 6 | D97: 45460 | E97: 2RS-6 | F97: 83.36 | G97: 93.1 | H97: 287.56 | I97: 13.9 | J97: 3.81 | K97: 120 | L97: 90.8 | M97: 3.4 | N97: 177
A98: 801 | B98: 2RS | C98: 6 | D98: 45461 | E98: 2RS-6 | F98: 83.35 | G98: 93.5 | H98: 287.43 | I98: 14.3 | J98: 3.91 | K98: 121 | L98: 85.62 | M98: 3.65 | N98: 225
... A115: 818 | B115: 2RS | C115: 7 | D115: 45482 | E115: 2RS-7 | F115: 83.68 | G115: 93.5 | H115: 286.86 | I115: 14.7 | J115: 4.64 | K115: 158 | L115: 76.41 | M115: 3.98 | N115: 376
A116: 819 | B116: 2RS | C116: 7 | D116: 45483 | E116: 2RS-7 | F116: 84.19 | G116: 95.2 | H116: 285.91 | I116: 14.8 | J116: 3.67 | K116: 119 | L116: 66.72 | M116: 3.71
A117: 820 | B117: 2RS | C117: 7 | D117: 45485 | E117: 2RS-7 | F117: 83.98 | G117: 94.1 | H117: 286.12 | I117: 14.6 | J117: 4.3 | K117: 122 | L117: 79.1 | M117: 3.6 | N117: 333
A118: 821 | B118: 2RS | C118: 7 | D118: 45486 | E118: 2RS-7 | F118: 83.94 | G118: 94.4 | H118: 287.11 | I118: 15.3 | J118: 4.72 | K118: 136 | L118: 80.54 | M118: 3.86 | N118: 214
A119: 822 | B119: IBON | C119: 7 | D119: 45487 | E119: IBON-7 | F119: 82.95 | G119: 93.3 | H119: 282.43 | I119: 15.3 | J119: 4.72 | K119: 143 | L119: 51.2 | M119: 5.2
A120: 823 | B120: IBON | C120: 7 | D120: 45487 | E120: IBON-7 | F120: 83.03 | G120: 93.5 | H120: 282.43 | I120: 15.3 | J120: 4.65 | K120: 164 | L120: 52.5 | M120: 5.8 | N120: 399
A121: 824 | B121: IBON | C121: 7 | D121: 45489 | E121: IBON-7 | F121: 83.76 | G121: 93.3 | H121: 282.39 | I121: 14.6 | J121: 4.9 | K121: 140 | L121: 50 | M121: 5.1
A122: 825 | B122: 2RS | C122: 7 | D122: 45490 | E122: 2RS-7 | F122: 83.63 | G122: 93.6 | H122: 286.05 | I122: 14.5 | J122: 4.34 | K122: 127 | L122: 83 | M122: 4 | N122: 224
A123: 826 | B123: 2RS | C123: 7 | D123: 45492 | E123: 2RS-7 | F123: 84.23 | G123: 94.1 | H123: 286.2 | I123: 14.5 | J123: 4.51 | K123: 135 | L123: 83.9 | M123: 3.85 | N123: 251
A124: 827 | B124: 2RS | C124: 7 | D124: 45493 | E124: 2RS-7 | F124: 83.64 | G124: 93.5 | H124: 286.38 | I124: 14.4 | J124: 4.32 | K124: 134 | L124: 83.8 | M124: 4.1 | N124: 284
A125: 828 | B125: IBON | C125: 7 | D125: 45494 | E125: IBON-7 | F125: 83.36 | G125: 93.6 | H125: 282.49 | I125: 15.2 | J125: 4.79 | K125: 130 | L125: 46.9 | M125: 3.8
A126: 829 | B126: IBON | C126: 7 | D126: 45495 | E126: IBON-7 | F126: 82.77 | G126: 93 | H126: 282.51 | I126: 15.3 | J126: 4.85 | K126: 139 | L126: 50.4 | M126: 3.9
A127: 830 | B127: IBON | C127: 7 | D127: 45497 | E127: IBON-7 | F127: 83.09 | G127: 93.5 | H127: 283.36 | I127: 15.3 | J127: 4.67 | K127: 134 | L127: 47.14 | M127: 4
A128: 831 | B128: 2RS | C128: 7 | D128: 45498 | E128: 2RS-7 | F128: 83.49 | G128: 93.8 | H128: 286.63 | I128: 15 | J128: 4.52 | K128: 126 | L128: 76.54 | M128: 3.52 | N128: 352
A129: 832 | B129: 2RS | C129: 7 | D129: 45499 | E129: 2RS-7 | F129: 83.27 | G129: 92.7 | H129: 286.24 | I129: 14.9 | J129: 5.23 | K129: 133 | L129: 74.5 | M129: 3.81 | N129: 352
A130: 833 | B130: 2RS | C130: 7 | D130: 45500 | E130: 2RS-7 | F130: 83.97 | G130: 94 | H130: 287.12 | I130: 14.6 | J130: 4.38 | K130: 128 | L130: 80 | M130: 3.9 | N130: 289
A131: 834 | B131: 2RS | C131: 7 | D131: 45501 | E131: 2RS-7 | F131: 82.87 | G131: 93.4 | H131: 285.74 | I131: 15.3 | J131: 4.51 | K131: 129 | L131: 75.31 | M131: 4.3 | N131: 334
A132: 835 | B132: IBON | C132: 7 | D132: 45502 | E132: IBON-7 | F132: 83.65 | G132: 94.2 | H132: 280.44 | I132: 15.2 | J132: 4.47 | K132: 139.6 | L132: 49.1 | M132: 5.47
A133: 836 | B133: IBON | C133: 7 | D133: 45504 | E133: IBON-7 | F133: 84.1 | G133: 94.4 | H133: 283.25 | I133: 15.1 | J133: 4.73 | K133: 138 | L133: 41.8 | M133: 4.7
A134: 837 | B134: IBON | C134: 8 | D134: 45505 | E134: IBON-8 | F134: 83.67 | G134: 93.7 | H134: 280.93 | I134: 14.9 | J134: 4.7 | K134: 140 | L134: 45.64 | M134: 5.1
A135: 838 | B135: 2RS | C135: 8 | D135: 45506 | E135: 2RS-8 | F135: 83.39 | G135: 93.6 | H135: 285.49 | I135: 14.9 | J135: 4.53 | K135: 124 | L135: 75 | M135: 3.5 | N135: 405
A136: 839 | B136: 2RS | C136: 8 | D136: 45508 | E136: 2RS-8 | F136: 84.21 | G136: 93.9 | H136: 286.06 | I136: 14.2 | J136: 4.28 | K136: 142 | L136: 79.4 | M136: 4.08 | N136: 327
A137: 840 | B137: 2RS | C137: 8 | D137: 45509 | E137: 2RS-8 | F137: 83.96 | G137: 93.8 | H137: 287 | I137: 14.4 | J137: 4.33 | K137: 146 | L137: 83.36 | M137: 4.5 | N137: 181
A138: 841 | B138: 2RS | C138: 8 | D138: 45511 | E138: 2RS-8 | F138: 84.04 | G138: 94.1 | H138: 286.16 | I138: 14.4 | J138: 4.19 | K138: 143 | L138: 78.98 | M138: 4.22 | N138: 289
A139: 842 | B139: 2RS | C139: 8 | D139: 45513 | E139: 2RS-8 | F139: 84.06 | G139: 94.1 | H139: 285.62 | I139: 14.4 | J139: 4.21 | K139: 137 | L139: 79.5 | M139: 4.2 | N139: 295
A140: 843 | B140: 2RS | C140: 8 | D140: 45515 | E140: 2RS-8 | F140: 84.35 | G140: 94.2 | H140: 285.79 | I140: 14.5 | J140: 4.53 | K140: 119 | L140: 76.84 | M140: 3.6 | N140: 413
A141: 844 | B141: 2RS | C141: 8 | D141: 45516 | E141: 2RS-8 | F141: 83.54 | G141: 93.6 | H141: 286.61 | I141: 14.6 | J141: 4.36 | K141: 126 | L141: 79.42 | M141: 3.7 | N141: 366
A142: 845 | B142: 2RS | C142: 8 | D142: 45517 | E142: 2RS-8 | F142: 83.75 | G142: 93.8 | H142: 286.34 | I142: 14.7 | J142: 4.47 | K142: 140 | L142: 79 | M142: 3.98 | N142: 282
A143: 846 | B143: 2RS | C143: 8 | D143: 45519 | E143: 2RS-8 | F143: 83.33 | G143: 93.2 | H143: 286.69 | I143: 14.6 | J143: 4.49 | K143: 142 | L143: 79.06 | M143: 4.26 | N143: 269
A144: 847 | B144: 2RS | C144: 8 | D144: 45521 | E144: 2RS-8 | F144: 83.62 | G144: 93.5 | H144: 286.44 | I144: 14.6 | J144: 4.47 | K144: 144 | L144: 80.18 | M144: 4.2 | N144: 223
A145: 848 | B145: 2RS | C145: 8 | D145: 45522 | E145: 2RS-8 | F145: 84.67 | G145: 94.4 | H145: 283.78 | I145: 14.3 | J145: 4.43 | K145: 133 | L145: 77.1 | M145: 3.7 | N145: 399
A146: 849 | B146: IBON | C146: 8 | D146: 45524 | E146: IBON-8 | F146: 83.35 | G146: 93.5 | H146: 280.74 | I146: 14.9 | J146: 4.49 | K146: 141 | L146: 55.42 | M146: 5
A147: 850 | B147: 2RS | C147: 8 | D147: 45526 | E147: 2RS-8 | F147: 84.21 | G147: 93.9 | H147: 285.75 | I147: 14.2 | J147: 4.38 | K147: 128 | L147: 75.21 | M147: 3.7 | N147: 424
A148: 851 | B148: IBON | C148: 8 | D148: 45527 | E148: IBON-8 | F148: 83.97 | H148: 281.29 | J148: 4.93 | K148: 136 | L148: 50.62 | M148: 4.9
A149: 852 | B149: IBON | C149: 8 | D149: 45529 | E149: IBON-8 | F149: 84.19 | G149: 93.8 | H149: 277.47 | I149: 14.4 | J149: 4.66 | K149: 135 | L149: 43.48 | M149: 5.8
A150: 853 | B150: 2RS | C150: 8 | D150: 45530 | E150: 2RS-8 | F150: 83.99 | G150: 93.5 | H150: 284.03 | I150: 14.3 | J150: 4.57 | K150: 137 | L150: 78.46 | M150: 4 | N150: 314
A151: 854 | B151: 2RS | C151: 8 | D151: 45531 | E151: 2RS-8 | F151: 84.3 | G151: 93.6 | H151: 286.47 | I151: 14.3 | J151: 4.9 | K151: 144 | L151: 79 | M151: 4.23 | N151: 239
...

Sheet NB
A1: Nombre de couches par cahier des charges et par mois de fin de production
A2: NB | B2: 1 | C2: 2 | D2: 3 | E2: 4 | F2: 5 | G2: 6 | H2: 7 | I2: 8 | J2: 9 | K2: 10 | L2: 11 | M2: 12
A3: 2RS | B3: =COUNTIFS('Data filtrees'!$B$2:$B$618,$A3,'Data filtrees'!$C$2:$C$618,1,'Data filtrees'!$F$2:$F$618,"<>") | C3: =COUNTIFS('Data filtrees'!$B$2:$B$618,$A3,'Data filtrees'!$C$2:$C$618,2,'Data filtrees'!$F$2:$F$618,"<>") | D3: =COUNTIFS('Data filtrees'!$B$2:$B$618,$A3,'Data filtrees'!$C$2:$C$618,3,'Data filtrees'!$F$2:$F$618,"<>") | E3: =COUNTIFS('Data filtrees'!$B$2:$B$618,$A3,'Data filtrees'!$C$2:$C$618,4,'Data filtrees'!$F$2:$F$618,"<>") | F3: =COUNTIFS('Data filtrees'!$B$2:$B$618,$A3,'Data filtrees'!$C$2:$C$618,5,'Data filtrees'!$F$2:$F$618,"<>") | G3: =COUNTIFS('Data filtrees'!$B$2:$B$618,$A3,'Data filtrees'!$C$2:$C$618,6,'Data filtrees'!$F$2:$F$618,"<>") | H3: =COUNTIFS('Data filtrees'!$B$2:$B$618,$A3,'Data filtrees'!$C$2:$C$618,7,'Data filtrees'!$F$2:$F$618,"<>") | I3: =COUNTIFS('Data filtrees'!$B$2:$B$618,$A3,'Data filtrees'!$C$2:$C$618,8,'Data filtrees'!$F$2:$F$618,"<>") | J3: =COUNTIFS('Data filtrees'!$B$2:$B$618,$A3,'Data filtrees'!$C$2:$C$618,9,'Data filtrees'!$F$2:$F$618,"<>") | K3: =COUNTIFS('Data filtrees'!$B$2:$B$618,$A3,'Data filtrees'!$C$2:$C$618,10,'Data filtrees'!$F$2:$F$618,"<>") | L3: =COUNTIFS('Data filtrees'!$B$2:$B$618,$A3,'Data filtrees'!$C$2:$C$618,11,'Data filtrees'!$F$2:$F$618,"<>") | M3: =COUNTIFS('Data filtrees'!$B$2:$B$618,$A3,'Data filtrees'!$C$2:$C$618,12,'Data filtrees'!$F$2:$F$618,"<>")
A4: IBON | B4: =COUNTIFS('Data filtrees'!$B$2:$B$618,$A4,'Data filtrees'!$C$2:$C$618,1,'Data filtrees'!$F$2:$F$618,"<>") | C4: =COUNTIFS('Data filtrees'!$B$2:$B$618,$A4,'Data filtrees'!$C$2:$C$618,2,'Data filtrees'!$F$2:$F$618,"<>") | D4: =COUNTIFS('Data filtrees'!$B$2:$B$618,$A4,'Data filtrees'!$C$2:$C$618,3,'Data filtrees'!$F$2:$F$618,"<>") | E4: =COUNTIFS('Data filtrees'!$B$2:$B$618,$A4,'Data filtrees'!$C$2:$C$618,4,'Data filtrees'!$F$2:$F$618,"<>") | F4: =COUNTIFS('Data filtrees'!$B$2:$B$618,$A4,'Data filtrees'!$C$2:$C$618,5,'Data filtrees'!$F$2:$F$618,"<>") | G4: =COUNTIFS('Data filtrees'!$B$2:$B$618,$A4,'Data filtrees'!$C$2:$C$618,6,'Data filtrees'!$F$2:$F$618,"<>") | H4: =COUNTIFS('Data filtrees'!$B$2:$B$618,$A4,'Data filtrees'!$C$2:$C$618,7,'Data filtrees'!$F$2:$F$618,"<>") | I4: =COUNTIFS('Data filtrees'!$B$2:$B$618,$A4,'Data filtrees'!$C$2:$C$618,8,'Data filtrees'!$F$2:$F$618,"<>") | J4: =COUNTIFS('Data filtrees'!$B$2:$B$618,$A4,'Data filtrees'!$C$2:$C$618,9,'Data filtrees'!$F$2:$F$618,"<>") | K4: =COUNTIFS('Data filtrees'!$B$2:$B$618,$A4,'Data filtrees'!$C$2:$C$618,10,'Data filtrees'!$F$2:$F$618,"<>") | L4: =COUNTIFS('Data filtrees'!$B$2:$B$618,$A4,'Data filtrees'!$C$2:$C$618,11,'Data filtrees'!$F$2:$F$618,"<>") | M4: =COUNTIFS('Data filtrees'!$B$2:$B$618,$A4,'Data filtrees'!$C$2:$C$618,12,'Data filtrees'!$F$2:$F$618,"<>")
A6: Rouge = moins de 5 couches : la moyenne du casier n'est pas retenue, on prend celle du mois entier.

Sheet malt_yield_r2
A1: Rendement humide R2 — nombre de couches, puis moyenne
A2: NB | B2: 1 | C2: 2 | D2: 3 | E2: 4 | F2: 5 | G2: 6 | H2: 7 | I2: 8 | J2: 9 | K2: 10 | L2: 11 | M2: 12
A3: 2RS | B3: =COUNTIFS('Data filtrees'!$B$2:$B$618,$A3,'Data filtrees'!$C$2:$C$618,1,'Data filtrees'!$F$2:$F$618,"<>") | C3: =COUNTIFS('Data filtrees'!$B$2:$B$618,$A3,'Data filtrees'!$C$2:$C$618,2,'Data filtrees'!$F$2:$F$618,"<>") | D3: =COUNTIFS('Data filtrees'!$B$2:$B$618,$A3,'Data filtrees'!$C$2:$C$618,3,'Data filtrees'!$F$2:$F$618,"<>") | E3: =COUNTIFS('Data filtrees'!$B$2:$B$618,$A3,'Data filtrees'!$C$2:$C$618,4,'Data filtrees'!$F$2:$F$618,"<>") | F3: =COUNTIFS('Data filtrees'!$B$2:$B$618,$A3,'Data filtrees'!$C$2:$C$618,5,'Data filtrees'!$F$2:$F$618,"<>") | G3: =COUNTIFS('Data filtrees'!$B$2:$B$618,$A3,'Data filtrees'!$C$2:$C$618,6,'Data filtrees'!$F$2:$F$618,"<>") | H3: =COUNTIFS('Data filtrees'!$B$2:$B$618,$A3,'Data filtrees'!$C$2:$C$618,7,'Data filtrees'!$F$2:$F$618,"<>") | I3: =COUNTIFS('Data filtrees'!$B$2:$B$618,$A3,'Data filtrees'!$C$2:$C$618,8,'Data filtrees'!$F$2:$F$618,"<>") | J3: =COUNTIFS('Data filtrees'!$B$2:$B$618,$A3,'Data filtrees'!$C$2:$C$618,9,'Data filtrees'!$F$2:$F$618,"<>") | K3: =COUNTIFS('Data filtrees'!$B$2:$B$618,$A3,'Data filtrees'!$C$2:$C$618,10,'Data filtrees'!$F$2:$F$618,"<>") | L3: =COUNTIFS('Data filtrees'!$B$2:$B$618,$A3,'Data filtrees'!$C$2:$C$618,11,'Data filtrees'!$F$2:$F$618,"<>") | M3: =COUNTIFS('Data filtrees'!$B$2:$B$618,$A3,'Data filtrees'!$C$2:$C$618,12,'Data filtrees'!$F$2:$F$618,"<>")
A4: IBON | B4: =COUNTIFS('Data filtrees'!$B$2:$B$618,$A4,'Data filtrees'!$C$2:$C$618,1,'Data filtrees'!$F$2:$F$618,"<>") | C4: =COUNTIFS('Data filtrees'!$B$2:$B$618,$A4,'Data filtrees'!$C$2:$C$618,2,'Data filtrees'!$F$2:$F$618,"<>") | D4: =COUNTIFS('Data filtrees'!$B$2:$B$618,$A4,'Data filtrees'!$C$2:$C$618,3,'Data filtrees'!$F$2:$F$618,"<>") | E4: =COUNTIFS('Data filtrees'!$B$2:$B$618,$A4,'Data filtrees'!$C$2:$C$618,4,'Data filtrees'!$F$2:$F$618,"<>") | F4: =COUNTIFS('Data filtrees'!$B$2:$B$618,$A4,'Data filtrees'!$C$2:$C$618,5,'Data filtrees'!$F$2:$F$618,"<>") | G4: =COUNTIFS('Data filtrees'!$B$2:$B$618,$A4,'Data filtrees'!$C$2:$C$618,6,'Data filtrees'!$F$2:$F$618,"<>") | H4: =COUNTIFS('Data filtrees'!$B$2:$B$618,$A4,'Data filtrees'!$C$2:$C$618,7,'Data filtrees'!$F$2:$F$618,"<>") | I4: =COUNTIFS('Data filtrees'!$B$2:$B$618,$A4,'Data filtrees'!$C$2:$C$618,8,'Data filtrees'!$F$2:$F$618,"<>") | J4: =COUNTIFS('Data filtrees'!$B$2:$B$618,$A4,'Data filtrees'!$C$2:$C$618,9,'Data filtrees'!$F$2:$F$618,"<>") | K4: =COUNTIFS('Data filtrees'!$B$2:$B$618,$A4,'Data filtrees'!$C$2:$C$618,10,'Data filtrees'!$F$2:$F$618,"<>") | L4: =COUNTIFS('Data filtrees'!$B$2:$B$618,$A4,'Data filtrees'!$C$2:$C$618,11,'Data filtrees'!$F$2:$F$618,"<>") | M4: =COUNTIFS('Data filtrees'!$B$2:$B$618,$A4,'Data filtrees'!$C$2:$C$618,12,'Data filtrees'!$F$2:$F$618,"<>")
A6: MOYENNE | B6: 1 | C6: 2 | D6: 3 | E6: 4 | F6: 5 | G6: 6 | H6: 7 | I6: 8 | J6: 9 | K6: 10 | L6: 11 | M6: 12
A7: 2RS | B7: =IF(B3>=5,AVERAGEIFS('Data filtrees'!$F$2:$F$618,'Data filtrees'!$B$2:$B$618,$A3,'Data filtrees'!$C$2:$C$618,1),AVERAGEIFS('Data filtrees'!$F$2:$F$618,'Data filtrees'!$C$2:$C$618,1)) | C7: =IF(C3>=5,AVERAGEIFS('Data filtrees'!$F$2:$F$618,'Data filtrees'!$B$2:$B$618,$A3,'Data filtrees'!$C$2:$C$618,2),AVERAGEIFS('Data filtrees'!$F$2:$F$618,'Data filtrees'!$C$2:$C$618,2)) | D7: =IF(D3>=5,AVERAGEIFS('Data filtrees'!$F$2:$F$618,'Data filtrees'!$B$2:$B$618,$A3,'Data filtrees'!$C$2:$C$618,3),AVERAGEIFS('Data filtrees'!$F$2:$F$618,'Data filtrees'!$C$2:$C$618,3)) | E7: =IF(E3>=5,AVERAGEIFS('Data filtrees'!$F$2:$F$618,'Data filtrees'!$B$2:$B$618,$A3,'Data filtrees'!$C$2:$C$618,4),AVERAGEIFS('Data filtrees'!$F$2:$F$618,'Data filtrees'!$C$2:$C$618,4)) | F7: =IF(F3>=5,AVERAGEIFS('Data filtrees'!$F$2:$F$618,'Data filtrees'!$B$2:$B$618,$A3,'Data filtrees'!$C$2:$C$618,5),AVERAGEIFS('Data filtrees'!$F$2:$F$618,'Data filtrees'!$C$2:$C$618,5)) | G7: =IF(G3>=5,AVERAGEIFS('Data filtrees'!$F$2:$F$618,'Data filtrees'!$B$2:$B$618,$A3,'Data filtrees'!$C$2:$C$618,6),AVERAGEIFS('Data filtrees'!$F$2:$F$618,'Data filtrees'!$C$2:$C$618,6)) | H7: =IF(H3>=5,AVERAGEIFS('Data filtrees'!$F$2:$F$618,'Data filtrees'!$B$2:$B$618,$A3,'Data filtrees'!$C$2:$C$618,7),AVERAGEIFS('Data filtrees'!$F$2:$F$618,'Data filtrees'!$C$2:$C$618,7)) | I7: =IF(I3>=5,AVERAGEIFS('Data filtrees'!$F$2:$F$618,'Data filtrees'!$B$2:$B$618,$A3,'Data filtrees'!$C$2:$C$618,8),AVERAGEIFS('Data filtrees'!$F$2:$F$618,'Data filtrees'!$C$2:$C$618,8)) | J7: =IF(J3>=5,AVERAGEIFS('Data filtrees'!$F$2:$F$618,'Data filtrees'!$B$2:$B$618,$A3,'Data filtrees'!$C$2:$C$618,9),AVERAGEIFS('Data filtrees'!$F$2:$F$618,'Data filtrees'!$C$2:$C$618,9)) | K7: =IF(K3>=5,AVERAGEIFS('Data filtrees'!$F$2:$F$618,'Data filtrees'!$B$2:$B$618,$A3,'Data filtrees'!$C$2:$C$618,10),AVERAGEIFS('Data filtrees'!$F$2:$F$618,'Data filtrees'!$C$2:$C$618,10)) | L7: =IF(L3>=5,AVERAGEIFS('Data filtrees'!$F$2:$F$618,'Data filtrees'!$B$2:$B$618,$A3,'Data filtrees'!$C$2:$C$618,11),AVERAGEIFS('Data filtrees'!$F$2:$F$618,'Data filtrees'!$C$2:$C$618,11)) | M7: =IF(M3>=5,AVERAGEIFS('Data filtrees'!$F$2:$F$618,'Data filtrees'!$B$2:$B$618,$A3,'Data filtrees'!$C$2:$C$618,12),AVERAGEIFS('Data filtrees'!$F$2:$F$618,'Data filtrees'!$C$2:$C$618,12))
A8: IBON | B8: =IF(B4>=5,AVERAGEIFS('Data filtrees'!$F$2:$F$618,'Data filtrees'!$B$2:$B$618,$A4,'Data filtrees'!$C$2:$C$618,1),AVERAGEIFS('Data filtrees'!$F$2:$F$618,'Data filtrees'!$C$2:$C$618,1)) | C8: =IF(C4>=5,AVERAGEIFS('Data filtrees'!$F$2:$F$618,'Data filtrees'!$B$2:$B$618,$A4,'Data filtrees'!$C$2:$C$618,2),AVERAGEIFS('Data filtrees'!$F$2:$F$618,'Data filtrees'!$C$2:$C$618,2)) | D8: =IF(D4>=5,AVERAGEIFS('Data filtrees'!$F$2:$F$618,'Data filtrees'!$B$2:$B$618,$A4,'Data filtrees'!$C$2:$C$618,3),AVERAGEIFS('Data filtrees'!$F$2:$F$618,'Data filtrees'!$C$2:$C$618,3)) | E8: =IF(E4>=5,AVERAGEIFS('Data filtrees'!$F$2:$F$618,'Data filtrees'!$B$2:$B$618,$A4,'Data filtrees'!$C$2:$C$618,4),AVERAGEIFS('Data filtrees'!$F$2:$F$618,'Data filtrees'!$C$2:$C$618,4)) | F8: =IF(F4>=5,AVERAGEIFS('Data filtrees'!$F$2:$F$618,'Data filtrees'!$B$2:$B$618,$A4,'Data filtrees'!$C$2:$C$618,5),AVERAGEIFS('Data filtrees'!$F$2:$F$618,'Data filtrees'!$C$2:$C$618,5)) | G8: =IF(G4>=5,AVERAGEIFS('Data filtrees'!$F$2:$F$618,'Data filtrees'!$B$2:$B$618,$A4,'Data filtrees'!$C$2:$C$618,6),AVERAGEIFS('Data filtrees'!$F$2:$F$618,'Data filtrees'!$C$2:$C$618,6)) | H8: =IF(H4>=5,AVERAGEIFS('Data filtrees'!$F$2:$F$618,'Data filtrees'!$B$2:$B$618,$A4,'Data filtrees'!$C$2:$C$618,7),AVERAGEIFS('Data filtrees'!$F$2:$F$618,'Data filtrees'!$C$2:$C$618,7)) | I8: =IF(I4>=5,AVERAGEIFS('Data filtrees'!$F$2:$F$618,'Data filtrees'!$B$2:$B$618,$A4,'Data filtrees'!$C$2:$C$618,8),AVERAGEIFS('Data filtrees'!$F$2:$F$618,'Data filtrees'!$C$2:$C$618,8)) | J8: =IF(J4>=5,AVERAGEIFS('Data filtrees'!$F$2:$F$618,'Data filtrees'!$B$2:$B$618,$A4,'Data filtrees'!$C$2:$C$618,9),AVERAGEIFS('Data filtrees'!$F$2:$F$618,'Data filtrees'!$C$2:$C$618,9)) | K8: =IF(K4>=5,AVERAGEIFS('Data filtrees'!$F$2:$F$618,'Data filtrees'!$B$2:$B$618,$A4,'Data filtrees'!$C$2:$C$618,10),AVERAGEIFS('Data filtrees'!$F$2:$F$618,'Data filtrees'!$C$2:$C$618,10)) | L8: =IF(L4>=5,AVERAGEIFS('Data filtrees'!$F$2:$F$618,'Data filtrees'!$B$2:$B$618,$A4,'Data filtrees'!$C$2:$C$618,11),AVERAGEIFS('Data filtrees'!$F$2:$F$618,'Data filtrees'!$C$2:$C$618,11)) | M8: =IF(M4>=5,AVERAGEIFS('Data filtrees'!$F$2:$F$618,'Data filtrees'!$B$2:$B$618,$A4,'Data filtrees'!$C$2:$C$618,12),AVERAGEIFS('Data filtrees'!$F$2:$F$618,'Data filtrees'!$C$2:$C$618,12))
A9: monthly_average | B9: =AVERAGEIFS('Data filtrees'!$F$2:$F$618,'Data filtrees'!$C$2:$C$618,1) | C9: =AVERAGEIFS('Data filtrees'!$F$2:$F$618,'Data filtrees'!$C$2:$C$618,2) | D9: =AVERAGEIFS('Data filtrees'!$F$2:$F$618,'Data filtrees'!$C$2:$C$618,3) | E9: =AVERAGEIFS('Data filtrees'!$F$2:$F$618,'Data filtrees'!$C$2:$C$618,4) | F9: =AVERAGEIFS('Data filtrees'!$F$2:$F$618,'Data filtrees'!$C$2:$C$618,5) | G9: =AVERAGEIFS('Data filtrees'!$F$2:$F$618,'Data filtrees'!$C$2:$C$618,6) | H9: =AVERAGEIFS('Data filtrees'!$F$2:$F$618,'Data filtrees'!$C$2:$C$618,7) | I9: =AVERAGEIFS('Data filtrees'!$F$2:$F$618,'Data filtrees'!$C$2:$C$618,8) | J9: =AVERAGEIFS('Data filtrees'!$F$2:$F$618,'Data filtrees'!$C$2:$C$618,9) | K9: =AVERAGEIFS('Data filtrees'!$F$2:$F$618,'Data filtrees'!$C$2:$C$618,10) | L9: =AVERAGEIFS('Data filtrees'!$F$2:$F$618,'Data filtrees'!$C$2:$C$618,11) | M9: =AVERAGEIFS('Data filtrees'!$F$2:$F$618,'Data filtrees'!$C$2:$C$618,12)
A11: Au moins 5 couches : moyenne du cahier des charges. En dessous : moyenne du mois, tous cahiers des charges confondus.

Sheet malt_dry_yield
A1: Rendement sec — nombre de couches, puis moyenne
A2: NB | B2: 1 | C2: 2 | D2: 3 | E2: 4 | F2: 5 | G2: 6 | H2: 7 | I2: 8 | J2: 9 | K2: 10 | L2: 11 | M2: 12
A3: 2RS | B3: =COUNTIFS('Data filtrees'!$B$2:$B$618,$A3,'Data filtrees'!$C$2:$C$618,1,'Data filtrees'!$G$2:$G$618,"<>") | C3: =COUNTIFS('Data filtrees'!$B$2:$B$618,$A3,'Data filtrees'!$C$2:$C$618,2,'Data filtrees'!$G$2:$G$618,"<>") | D3: =COUNTIFS('Data filtrees'!$B$2:$B$618,$A3,'Data filtrees'!$C$2:$C$618,3,'Data filtrees'!$G$2:$G$618,"<>") | E3: =COUNTIFS('Data filtrees'!$B$2:$B$618,$A3,'Data filtrees'!$C$2:$C$618,4,'Data filtrees'!$G$2:$G$618,"<>") | F3: =COUNTIFS('Data filtrees'!$B$2:$B$618,$A3,'Data filtrees'!$C$2:$C$618,5,'Data filtrees'!$G$2:$G$618,"<>") | G3: =COUNTIFS('Data filtrees'!$B$2:$B$618,$A3,'Data filtrees'!$C$2:$C$618,6,'Data filtrees'!$G$2:$G$618,"<>") | H3: =COUNTIFS('Data filtrees'!$B$2:$B$618,$A3,'Data filtrees'!$C$2:$C$618,7,'Data filtrees'!$G$2:$G$618,"<>") | I3: =COUNTIFS('Data filtrees'!$B$2:$B$618,$A3,'Data filtrees'!$C$2:$C$618,8,'Data filtrees'!$G$2:$G$618,"<>") | J3: =COUNTIFS('Data filtrees'!$B$2:$B$618,$A3,'Data filtrees'!$C$2:$C$618,9,'Data filtrees'!$G$2:$G$618,"<>") | K3: =COUNTIFS('Data filtrees'!$B$2:$B$618,$A3,'Data filtrees'!$C$2:$C$618,10,'Data filtrees'!$G$2:$G$618,"<>") | L3: =COUNTIFS('Data filtrees'!$B$2:$B$618,$A3,'Data filtrees'!$C$2:$C$618,11,'Data filtrees'!$G$2:$G$618,"<>") | M3: =COUNTIFS('Data filtrees'!$B$2:$B$618,$A3,'Data filtrees'!$C$2:$C$618,12,'Data filtrees'!$G$2:$G$618,"<>")
A4: IBON | B4: =COUNTIFS('Data filtrees'!$B$2:$B$618,$A4,'Data filtrees'!$C$2:$C$618,1,'Data filtrees'!$G$2:$G$618,"<>") | C4: =COUNTIFS('Data filtrees'!$B$2:$B$618,$A4,'Data filtrees'!$C$2:$C$618,2,'Data filtrees'!$G$2:$G$618,"<>") | D4: =COUNTIFS('Data filtrees'!$B$2:$B$618,$A4,'Data filtrees'!$C$2:$C$618,3,'Data filtrees'!$G$2:$G$618,"<>") | E4: =COUNTIFS('Data filtrees'!$B$2:$B$618,$A4,'Data filtrees'!$C$2:$C$618,4,'Data filtrees'!$G$2:$G$618,"<>") | F4: =COUNTIFS('Data filtrees'!$B$2:$B$618,$A4,'Data filtrees'!$C$2:$C$618,5,'Data filtrees'!$G$2:$G$618,"<>") | G4: =COUNTIFS('Data filtrees'!$B$2:$B$618,$A4,'Data filtrees'!$C$2:$C$618,6,'Data filtrees'!$G$2:$G$618,"<>") | H4: =COUNTIFS('Data filtrees'!$B$2:$B$618,$A4,'Data filtrees'!$C$2:$C$618,7,'Data filtrees'!$G$2:$G$618,"<>") | I4: =COUNTIFS('Data filtrees'!$B$2:$B$618,$A4,'Data filtrees'!$C$2:$C$618,8,'Data filtrees'!$G$2:$G$618,"<>") | J4: =COUNTIFS('Data filtrees'!$B$2:$B$618,$A4,'Data filtrees'!$C$2:$C$618,9,'Data filtrees'!$G$2:$G$618,"<>") | K4: =COUNTIFS('Data filtrees'!$B$2:$B$618,$A4,'Data filtrees'!$C$2:$C$618,10,'Data filtrees'!$G$2:$G$618,"<>") | L4: =COUNTIFS('Data filtrees'!$B$2:$B$618,$A4,'Data filtrees'!$C$2:$C$618,11,'Data filtrees'!$G$2:$G$618,"<>") | M4: =COUNTIFS('Data filtrees'!$B$2:$B$618,$A4,'Data filtrees'!$C$2:$C$618,12,'Data filtrees'!$G$2:$G$618,"<>")
A6: MOYENNE | B6: 1 | C6: 2 | D6: 3 | E6: 4 | F6: 5 | G6: 6 | H6: 7 | I6: 8 | J6: 9 | K6: 10 | L6: 11 | M6: 12
A7: 2RS | B7: =IF(B3>=5,AVERAGEIFS('Data filtrees'!$G$2:$G$618,'Data filtrees'!$B$2:$B$618,$A3,'Data filtrees'!$C$2:$C$618,1),AVERAGEIFS('Data filtrees'!$G$2:$G$618,'Data filtrees'!$C$2:$C$618,1)) | C7: =IF(C3>=5,AVERAGEIFS('Data filtrees'!$G$2:$G$618,'Data filtrees'!$B$2:$B$618,$A3,'Data filtrees'!$C$2:$C$618,2),AVERAGEIFS('Data filtrees'!$G$2:$G$618,'Data filtrees'!$C$2:$C$618,2)) | D7: =IF(D3>=5,AVERAGEIFS('Data filtrees'!$G$2:$G$618,'Data filtrees'!$B$2:$B$618,$A3,'Data filtrees'!$C$2:$C$618,3),AVERAGEIFS('Data filtrees'!$G$2:$G$618,'Data filtrees'!$C$2:$C$618,3)) | E7: =IF(E3>=5,AVERAGEIFS('Data filtrees'!$G$2:$G$618,'Data filtrees'!$B$2:$B$618,$A3,'Data filtrees'!$C$2:$C$618,4),AVERAGEIFS('Data filtrees'!$G$2:$G$618,'Data filtrees'!$C$2:$C$618,4)) | F7: =IF(F3>=5,AVERAGEIFS('Data filtrees'!$G$2:$G$618,'Data filtrees'!$B$2:$B$618,$A3,'Data filtrees'!$C$2:$C$618,5),AVERAGEIFS('Data filtrees'!$G$2:$G$618,'Data filtrees'!$C$2:$C$618,5)) | G7: =IF(G3>=5,AVERAGEIFS('Data filtrees'!$G$2:$G$618,'Data filtrees'!$B$2:$B$618,$A3,'Data filtrees'!$C$2:$C$618,6),AVERAGEIFS('Data filtrees'!$G$2:$G$618,'Data filtrees'!$C$2:$C$618,6)) | H7: =IF(H3>=5,AVERAGEIFS('Data filtrees'!$G$2:$G$618,'Data filtrees'!$B$2:$B$618,$A3,'Data filtrees'!$C$2:$C$618,7),AVERAGEIFS('Data filtrees'!$G$2:$G$618,'Data filtrees'!$C$2:$C$618,7)) | I7: =IF(I3>=5,AVERAGEIFS('Data filtrees'!$G$2:$G$618,'Data filtrees'!$B$2:$B$618,$A3,'Data filtrees'!$C$2:$C$618,8),AVERAGEIFS('Data filtrees'!$G$2:$G$618,'Data filtrees'!$C$2:$C$618,8)) | J7: =IF(J3>=5,AVERAGEIFS('Data filtrees'!$G$2:$G$618,'Data filtrees'!$B$2:$B$618,$A3,'Data filtrees'!$C$2:$C$618,9),AVERAGEIFS('Data filtrees'!$G$2:$G$618,'Data filtrees'!$C$2:$C$618,9)) | K7: =IF(K3>=5,AVERAGEIFS('Data filtrees'!$G$2:$G$618,'Data filtrees'!$B$2:$B$618,$A3,'Data filtrees'!$C$2:$C$618,10),AVERAGEIFS('Data filtrees'!$G$2:$G$618,'Data filtrees'!$C$2:$C$618,10)) | L7: =IF(L3>=5,AVERAGEIFS('Data filtrees'!$G$2:$G$618,'Data filtrees'!$B$2:$B$618,$A3,'Data filtrees'!$C$2:$C$618,11),AVERAGEIFS('Data filtrees'!$G$2:$G$618,'Data filtrees'!$C$2:$C$618,11)) | M7: =IF(M3>=5,AVERAGEIFS('Data filtrees'!$G$2:$G$618,'Data filtrees'!$B$2:$B$618,$A3,'Data filtrees'!$C$2:$C$618,12),AVERAGEIFS('Data filtrees'!$G$2:$G$618,'Data filtrees'!$C$2:$C$618,12))
A8: IBON | B8: =IF(B4>=5,AVERAGEIFS('Data filtrees'!$G$2:$G$618,'Data filtrees'!$B$2:$B$618,$A4,'Data filtrees'!$C$2:$C$618,1),AVERAGEIFS('Data filtrees'!$G$2:$G$618,'Data filtrees'!$C$2:$C$618,1)) | C8: =IF(C4>=5,AVERAGEIFS('Data filtrees'!$G$2:$G$618,'Data filtrees'!$B$2:$B$618,$A4,'Data filtrees'!$C$2:$C$618,2),AVERAGEIFS('Data filtrees'!$G$2:$G$618,'Data filtrees'!$C$2:$C$618,2)) | D8: =IF(D4>=5,AVERAGEIFS('Data filtrees'!$G$2:$G$618,'Data filtrees'!$B$2:$B$618,$A4,'Data filtrees'!$C$2:$C$618,3),AVERAGEIFS('Data filtrees'!$G$2:$G$618,'Data filtrees'!$C$2:$C$618,3)) | E8: =IF(E4>=5,AVERAGEIFS('Data filtrees'!$G$2:$G$618,'Data filtrees'!$B$2:$B$618,$A4,'Data filtrees'!$C$2:$C$618,4),AVERAGEIFS('Data filtrees'!$G$2:$G$618,'Data filtrees'!$C$2:$C$618,4)) | F8: =IF(F4>=5,AVERAGEIFS('Data filtrees'!$G$2:$G$618,'Data filtrees'!$B$2:$B$618,$A4,'Data filtrees'!$C$2:$C$618,5),AVERAGEIFS('Data filtrees'!$G$2:$G$618,'Data filtrees'!$C$2:$C$618,5)) | G8: =IF(G4>=5,AVERAGEIFS('Data filtrees'!$G$2:$G$618,'Data filtrees'!$B$2:$B$618,$A4,'Data filtrees'!$C$2:$C$618,6),AVERAGEIFS('Data filtrees'!$G$2:$G$618,'Data filtrees'!$C$2:$C$618,6)) | H8: =IF(H4>=5,AVERAGEIFS('Data filtrees'!$G$2:$G$618,'Data filtrees'!$B$2:$B$618,$A4,'Data filtrees'!$C$2:$C$618,7),AVERAGEIFS('Data filtrees'!$G$2:$G$618,'Data filtrees'!$C$2:$C$618,7)) | I8: =IF(I4>=5,AVERAGEIFS('Data filtrees'!$G$2:$G$618,'Data filtrees'!$B$2:$B$618,$A4,'Data filtrees'!$C$2:$C$618,8),AVERAGEIFS('Data filtrees'!$G$2:$G$618,'Data filtrees'!$C$2:$C$618,8)) | J8: =IF(J4>=5,AVERAGEIFS('Data filtrees'!$G$2:$G$618,'Data filtrees'!$B$2:$B$618,$A4,'Data filtrees'!$C$2:$C$618,9),AVERAGEIFS('Data filtrees'!$G$2:$G$618,'Data filtrees'!$C$2:$C$618,9)) | K8: =IF(K4>=5,AVERAGEIFS('Data filtrees'!$G$2:$G$618,'Data filtrees'!$B$2:$B$618,$A4,'Data filtrees'!$C$2:$C$618,10),AVERAGEIFS('Data filtrees'!$G$2:$G$618,'Data filtrees'!$C$2:$C$618,10)) | L8: =IF(L4>=5,AVERAGEIFS('Data filtrees'!$G$2:$G$618,'Data filtrees'!$B$2:$B$618,$A4,'Data filtrees'!$C$2:$C$618,11),AVERAGEIFS('Data filtrees'!$G$2:$G$618,'Data filtrees'!$C$2:$C$618,11)) | M8: =IF(M4>=5,AVERAGEIFS('Data filtrees'!$G$2:$G$618,'Data filtrees'!$B$2:$B$618,$A4,'Data filtrees'!$C$2:$C$618,12),AVERAGEIFS('Data filtrees'!$G$2:$G$618,'Data filtrees'!$C$2:$C$618,12))
A9: monthly_average | B9: =AVERAGEIFS('Data filtrees'!$G$2:$G$618,'Data filtrees'!$C$2:$C$618,1) | C9: =AVERAGEIFS('Data filtrees'!$G$2:$G$618,'Data filtrees'!$C$2:$C$618,2) | D9: =AVERAGEIFS('Data filtrees'!$G$2:$G$618,'Data filtrees'!$C$2:$C$618,3) | E9: =AVERAGEIFS('Data filtrees'!$G$2:$G$618,'Data filtrees'!$C$2:$C$618,4) | F9: =AVERAGEIFS('Data filtrees'!$G$2:$G$618,'Data filtrees'!$C$2:$C$618,5) | G9: =AVERAGEIFS('Data filtrees'!$G$2:$G$618,'Data filtrees'!$C$2:$C$618,6) | H9: =AVERAGEIFS('Data filtrees'!$G$2:$G$618,'Data filtrees'!$C$2:$C$618,7) | I9: =AVERAGEIFS('Data filtrees'!$G$2:$G$618,'Data filtrees'!$C$2:$C$618,8) | J9: =AVERAGEIFS('Data filtrees'!$G$2:$G$618,'Data filtrees'!$C$2:$C$618,9) | K9: =AVERAGEIFS('Data filtrees'!$G$2:$G$618,'Data filtrees'!$C$2:$C$618,10) | L9: =AVERAGEIFS('Data filtrees'!$G$2:$G$618,'Data filtrees'!$C$2:$C$618,11) | M9: =AVERAGEIFS('Data filtrees'!$G$2:$G$618,'Data filtrees'!$C$2:$C$618,12)
A11: Au moins 5 couches : moyenne du cahier des charges. En dessous : moyenne du mois, tous cahiers des charges confondus.

Sheet goods_weight
A1: Poids d'orge — nombre de couches, puis moyenne
A2: NB | B2: 1 | C2: 2 | D2: 3 | E2: 4 | F2: 5 | G2: 6 | H2: 7 | I2: 8 | J2: 9 | K2: 10 | L2: 11 | M2: 12
A3: 2RS | B3: =COUNTIFS('Data filtrees'!$B$2:$B$618,$A3,'Data filtrees'!$C$2:$C$618,1,'Data filtrees'!$H$2:$H$618,"<>") | C3: =COUNTIFS('Data filtrees'!$B$2:$B$618,$A3,'Data filtrees'!$C$2:$C$618,2,'Data filtrees'!$H$2:$H$618,"<>") | D3: =COUNTIFS('Data filtrees'!$B$2:$B$618,$A3,'Data filtrees'!$C$2:$C$618,3,'Data filtrees'!$H$2:$H$618,"<>") | E3: =COUNTIFS('Data filtrees'!$B$2:$B$618,$A3,'Data filtrees'!$C$2:$C$618,4,'Data filtrees'!$H$2:$H$618,"<>") | F3: =COUNTIFS('Data filtrees'!$B$2:$B$618,$A3,'Data filtrees'!$C$2:$C$618,5,'Data filtrees'!$H$2:$H$618,"<>") | G3: =COUNTIFS('Data filtrees'!$B$2:$B$618,$A3,'Data filtrees'!$C$2:$C$618,6,'Data filtrees'!$H$2:$H$618,"<>") | H3: =COUNTIFS('Data filtrees'!$B$2:$B$618,$A3,'Data filtrees'!$C$2:$C$618,7,'Data filtrees'!$H$2:$H$618,"<>") | I3: =COUNTIFS('Data filtrees'!$B$2:$B$618,$A3,'Data filtrees'!$C$2:$C$618,8,'Data filtrees'!$H$2:$H$618,"<>") | J3: =COUNTIFS('Data filtrees'!$B$2:$B$618,$A3,'Data filtrees'!$C$2:$C$618,9,'Data filtrees'!$H$2:$H$618,"<>") | K3: =COUNTIFS('Data filtrees'!$B$2:$B$618,$A3,'Data filtrees'!$C$2:$C$618,10,'Data filtrees'!$H$2:$H$618,"<>") | L3: =COUNTIFS('Data filtrees'!$B$2:$B$618,$A3,'Data filtrees'!$C$2:$C$618,11,'Data filtrees'!$H$2:$H$618,"<>") | M3: =COUNTIFS('Data filtrees'!$B$2:$B$618,$A3,'Data filtrees'!$C$2:$C$618,12,'Data filtrees'!$H$2:$H$618,"<>")
A4: IBON | B4: =COUNTIFS('Data filtrees'!$B$2:$B$618,$A4,'Data filtrees'!$C$2:$C$618,1,'Data filtrees'!$H$2:$H$618,"<>") | C4: =COUNTIFS('Data filtrees'!$B$2:$B$618,$A4,'Data filtrees'!$C$2:$C$618,2,'Data filtrees'!$H$2:$H$618,"<>") | D4: =COUNTIFS('Data filtrees'!$B$2:$B$618,$A4,'Data filtrees'!$C$2:$C$618,3,'Data filtrees'!$H$2:$H$618,"<>") | E4: =COUNTIFS('Data filtrees'!$B$2:$B$618,$A4,'Data filtrees'!$C$2:$C$618,4,'Data filtrees'!$H$2:$H$618,"<>") | F4: =COUNTIFS('Data filtrees'!$B$2:$B$618,$A4,'Data filtrees'!$C$2:$C$618,5,'Data filtrees'!$H$2:$H$618,"<>") | G4: =COUNTIFS('Data filtrees'!$B$2:$B$618,$A4,'Data filtrees'!$C$2:$C$618,6,'Data filtrees'!$H$2:$H$618,"<>") | H4: =COUNTIFS('Data filtrees'!$B$2:$B$618,$A4,'Data filtrees'!$C$2:$C$618,7,'Data filtrees'!$H$2:$H$618,"<>") | I4: =COUNTIFS('Data filtrees'!$B$2:$B$618,$A4,'Data filtrees'!$C$2:$C$618,8,'Data filtrees'!$H$2:$H$618,"<>") | J4: =COUNTIFS('Data filtrees'!$B$2:$B$618,$A4,'Data filtrees'!$C$2:$C$618,9,'Data filtrees'!$H$2:$H$618,"<>") | K4: =COUNTIFS('Data filtrees'!$B$2:$B$618,$A4,'Data filtrees'!$C$2:$C$618,10,'Data filtrees'!$H$2:$H$618,"<>") | L4: =COUNTIFS('Data filtrees'!$B$2:$B$618,$A4,'Data filtrees'!$C$2:$C$618,11,'Data filtrees'!$H$2:$H$618,"<>") | M4: =COUNTIFS('Data filtrees'!$B$2:$B$618,$A4,'Data filtrees'!$C$2:$C$618,12,'Data filtrees'!$H$2:$H$618,"<>")
A6: MOYENNE | B6: 1 | C6: 2 | D6: 3 | E6: 4 | F6: 5 | G6: 6 | H6: 7 | I6: 8 | J6: 9 | K6: 10 | L6: 11 | M6: 12
A7: 2RS | B7: =IF(B3>=5,AVERAGEIFS('Data filtrees'!$H$2:$H$618,'Data filtrees'!$B$2:$B$618,$A3,'Data filtrees'!$C$2:$C$618,1),AVERAGEIFS('Data filtrees'!$H$2:$H$618,'Data filtrees'!$C$2:$C$618,1)) | C7: =IF(C3>=5,AVERAGEIFS('Data filtrees'!$H$2:$H$618,'Data filtrees'!$B$2:$B$618,$A3,'Data filtrees'!$C$2:$C$618,2),AVERAGEIFS('Data filtrees'!$H$2:$H$618,'Data filtrees'!$C$2:$C$618,2)) | D7: =IF(D3>=5,AVERAGEIFS('Data filtrees'!$H$2:$H$618,'Data filtrees'!$B$2:$B$618,$A3,'Data filtrees'!$C$2:$C$618,3),AVERAGEIFS('Data filtrees'!$H$2:$H$618,'Data filtrees'!$C$2:$C$618,3)) | E7: =IF(E3>=5,AVERAGEIFS('Data filtrees'!$H$2:$H$618,'Data filtrees'!$B$2:$B$618,$A3,'Data filtrees'!$C$2:$C$618,4),AVERAGEIFS('Data filtrees'!$H$2:$H$618,'Data filtrees'!$C$2:$C$618,4)) | F7: =IF(F3>=5,AVERAGEIFS('Data filtrees'!$H$2:$H$618,'Data filtrees'!$B$2:$B$618,$A3,'Data filtrees'!$C$2:$C$618,5),AVERAGEIFS('Data filtrees'!$H$2:$H$618,'Data filtrees'!$C$2:$C$618,5)) | G7: =IF(G3>=5,AVERAGEIFS('Data filtrees'!$H$2:$H$618,'Data filtrees'!$B$2:$B$618,$A3,'Data filtrees'!$C$2:$C$618,6),AVERAGEIFS('Data filtrees'!$H$2:$H$618,'Data filtrees'!$C$2:$C$618,6)) | H7: =IF(H3>=5,AVERAGEIFS('Data filtrees'!$H$2:$H$618,'Data filtrees'!$B$2:$B$618,$A3,'Data filtrees'!$C$2:$C$618,7),AVERAGEIFS('Data filtrees'!$H$2:$H$618,'Data filtrees'!$C$2:$C$618,7)) | I7: =IF(I3>=5,AVERAGEIFS('Data filtrees'!$H$2:$H$618,'Data filtrees'!$B$2:$B$618,$A3,'Data filtrees'!$C$2:$C$618,8),AVERAGEIFS('Data filtrees'!$H$2:$H$618,'Data filtrees'!$C$2:$C$618,8)) | J7: =IF(J3>=5,AVERAGEIFS('Data filtrees'!$H$2:$H$618,'Data filtrees'!$B$2:$B$618,$A3,'Data filtrees'!$C$2:$C$618,9),AVERAGEIFS('Data filtrees'!$H$2:$H$618,'Data filtrees'!$C$2:$C$618,9)) | K7: =IF(K3>=5,AVERAGEIFS('Data filtrees'!$H$2:$H$618,'Data filtrees'!$B$2:$B$618,$A3,'Data filtrees'!$C$2:$C$618,10),AVERAGEIFS('Data filtrees'!$H$2:$H$618,'Data filtrees'!$C$2:$C$618,10)) | L7: =IF(L3>=5,AVERAGEIFS('Data filtrees'!$H$2:$H$618,'Data filtrees'!$B$2:$B$618,$A3,'Data filtrees'!$C$2:$C$618,11),AVERAGEIFS('Data filtrees'!$H$2:$H$618,'Data filtrees'!$C$2:$C$618,11)) | M7: =IF(M3>=5,AVERAGEIFS('Data filtrees'!$H$2:$H$618,'Data filtrees'!$B$2:$B$618,$A3,'Data filtrees'!$C$2:$C$618,12),AVERAGEIFS('Data filtrees'!$H$2:$H$618,'Data filtrees'!$C$2:$C$618,12))
A8: IBON | B8: =IF(B4>=5,AVERAGEIFS('Data filtrees'!$H$2:$H$618,'Data filtrees'!$B$2:$B$618,$A4,'Data filtrees'!$C$2:$C$618,1),AVERAGEIFS('Data filtrees'!$H$2:$H$618,'Data filtrees'!$C$2:$C$618,1)) | C8: =IF(C4>=5,AVERAGEIFS('Data filtrees'!$H$2:$H$618,'Data filtrees'!$B$2:$B$618,$A4,'Data filtrees'!$C$2:$C$618,2),AVERAGEIFS('Data filtrees'!$H$2:$H$618,'Data filtrees'!$C$2:$C$618,2)) | D8: =IF(D4>=5,AVERAGEIFS('Data filtrees'!$H$2:$H$618,'Data filtrees'!$B$2:$B$618,$A4,'Data filtrees'!$C$2:$C$618,3),AVERAGEIFS('Data filtrees'!$H$2:$H$618,'Data filtrees'!$C$2:$C$618,3)) | E8: =IF(E4>=5,AVERAGEIFS('Data filtrees'!$H$2:$H$618,'Data filtrees'!$B$2:$B$618,$A4,'Data filtrees'!$C$2:$C$618,4),AVERAGEIFS('Data filtrees'!$H$2:$H$618,'Data filtrees'!$C$2:$C$618,4)) | F8: =IF(F4>=5,AVERAGEIFS('Data filtrees'!$H$2:$H$618,'Data filtrees'!$B$2:$B$618,$A4,'Data filtrees'!$C$2:$C$618,5),AVERAGEIFS('Data filtrees'!$H$2:$H$618,'Data filtrees'!$C$2:$C$618,5)) | G8: =IF(G4>=5,AVERAGEIFS('Data filtrees'!$H$2:$H$618,'Data filtrees'!$B$2:$B$618,$A4,'Data filtrees'!$C$2:$C$618,6),AVERAGEIFS('Data filtrees'!$H$2:$H$618,'Data filtrees'!$C$2:$C$618,6)) | H8: =IF(H4>=5,AVERAGEIFS('Data filtrees'!$H$2:$H$618,'Data filtrees'!$B$2:$B$618,$A4,'Data filtrees'!$C$2:$C$618,7),AVERAGEIFS('Data filtrees'!$H$2:$H$618,'Data filtrees'!$C$2:$C$618,7)) | I8: =IF(I4>=5,AVERAGEIFS('Data filtrees'!$H$2:$H$618,'Data filtrees'!$B$2:$B$618,$A4,'Data filtrees'!$C$2:$C$618,8),AVERAGEIFS('Data filtrees'!$H$2:$H$618,'Data filtrees'!$C$2:$C$618,8)) | J8: =IF(J4>=5,AVERAGEIFS('Data filtrees'!$H$2:$H$618,'Data filtrees'!$B$2:$B$618,$A4,'Data filtrees'!$C$2:$C$618,9),AVERAGEIFS('Data filtrees'!$H$2:$H$618,'Data filtrees'!$C$2:$C$618,9)) | K8: =IF(K4>=5,AVERAGEIFS('Data filtrees'!$H$2:$H$618,'Data filtrees'!$B$2:$B$618,$A4,'Data filtrees'!$C$2:$C$618,10),AVERAGEIFS('Data filtrees'!$H$2:$H$618,'Data filtrees'!$C$2:$C$618,10)) | L8: =IF(L4>=5,AVERAGEIFS('Data filtrees'!$H$2:$H$618,'Data filtrees'!$B$2:$B$618,$A4,'Data filtrees'!$C$2:$C$618,11),AVERAGEIFS('Data filtrees'!$H$2:$H$618,'Data filtrees'!$C$2:$C$618,11)) | M8: =IF(M4>=5,AVERAGEIFS('Data filtrees'!$H$2:$H$618,'Data filtrees'!$B$2:$B$618,$A4,'Data filtrees'!$C$2:$C$618,12),AVERAGEIFS('Data filtrees'!$H$2:$H$618,'Data filtrees'!$C$2:$C$618,12))
A9: monthly_average | B9: =AVERAGEIFS('Data filtrees'!$H$2:$H$618,'Data filtrees'!$C$2:$C$618,1) | C9: =AVERAGEIFS('Data filtrees'!$H$2:$H$618,'Data filtrees'!$C$2:$C$618,2) | D9: =AVERAGEIFS('Data filtrees'!$H$2:$H$618,'Data filtrees'!$C$2:$C$618,3) | E9: =AVERAGEIFS('Data filtrees'!$H$2:$H$618,'Data filtrees'!$C$2:$C$618,4) | F9: =AVERAGEIFS('Data filtrees'!$H$2:$H$618,'Data filtrees'!$C$2:$C$618,5) | G9: =AVERAGEIFS('Data filtrees'!$H$2:$H$618,'Data filtrees'!$C$2:$C$618,6) | H9: =AVERAGEIFS('Data filtrees'!$H$2:$H$618,'Data filtrees'!$C$2:$C$618,7) | I9: =AVERAGEIFS('Data filtrees'!$H$2:$H$618,'Data filtrees'!$C$2:$C$618,8) | J9: =AVERAGEIFS('Data filtrees'!$H$2:$H$618,'Data filtrees'!$C$2:$C$618,9) | K9: =AVERAGEIFS('Data filtrees'!$H$2:$H$618,'Data filtrees'!$C$2:$C$618,10) | L9: =AVERAGEIFS('Data filtrees'!$H$2:$H$618,'Data filtrees'!$C$2:$C$618,11) | M9: =AVERAGEIFS('Data filtrees'!$H$2:$H$618,'Data filtrees'!$C$2:$C$618,12)
A11: Au moins 5 couches : moyenne du cahier des charges. En dessous : moyenne du mois, tous cahiers des charges confondus.

Sheet goods_moisture
A1: Humidite de l'orge — nombre de couches, puis moyenne
A2: NB | B2: 1 | C2: 2 | D2: 3 | E2: 4 | F2: 5 | G2: 6 | H2: 7 | I2: 8 | J2: 9 | K2: 10 | L2: 11 | M2: 12
A3: 2RS | B3: =COUNTIFS('Data filtrees'!$B$2:$B$618,$A3,'Data filtrees'!$C$2:$C$618,1,'Data filtrees'!$I$2:$I$618,"<>") | C3: =COUNTIFS('Data filtrees'!$B$2:$B$618,$A3,'Data filtrees'!$C$2:$C$618,2,'Data filtrees'!$I$2:$I$618,"<>") | D3: =COUNTIFS('Data filtrees'!$B$2:$B$618,$A3,'Data filtrees'!$C$2:$C$618,3,'Data filtrees'!$I$2:$I$618,"<>") | E3: =COUNTIFS('Data filtrees'!$B$2:$B$618,$A3,'Data filtrees'!$C$2:$C$618,4,'Data filtrees'!$I$2:$I$618,"<>") | F3: =COUNTIFS('Data filtrees'!$B$2:$B$618,$A3,'Data filtrees'!$C$2:$C$618,5,'Data filtrees'!$I$2:$I$618,"<>") | G3: =COUNTIFS('Data filtrees'!$B$2:$B$618,$A3,'Data filtrees'!$C$2:$C$618,6,'Data filtrees'!$I$2:$I$618,"<>") | H3: =COUNTIFS('Data filtrees'!$B$2:$B$618,$A3,'Data filtrees'!$C$2:$C$618,7,'Data filtrees'!$I$2:$I$618,"<>") | I3: =COUNTIFS('Data filtrees'!$B$2:$B$618,$A3,'Data filtrees'!$C$2:$C$618,8,'Data filtrees'!$I$2:$I$618,"<>") | J3: =COUNTIFS('Data filtrees'!$B$2:$B$618,$A3,'Data filtrees'!$C$2:$C$618,9,'Data filtrees'!$I$2:$I$618,"<>") | K3: =COUNTIFS('Data filtrees'!$B$2:$B$618,$A3,'Data filtrees'!$C$2:$C$618,10,'Data filtrees'!$I$2:$I$618,"<>") | L3: =COUNTIFS('Data filtrees'!$B$2:$B$618,$A3,'Data filtrees'!$C$2:$C$618,11,'Data filtrees'!$I$2:$I$618,"<>") | M3: =COUNTIFS('Data filtrees'!$B$2:$B$618,$A3,'Data filtrees'!$C$2:$C$618,12,'Data filtrees'!$I$2:$I$618,"<>")
A4: IBON | B4: =COUNTIFS('Data filtrees'!$B$2:$B$618,$A4,'Data filtrees'!$C$2:$C$618,1,'Data filtrees'!$I$2:$I$618,"<>") | C4: =COUNTIFS('Data filtrees'!$B$2:$B$618,$A4,'Data filtrees'!$C$2:$C$618,2,'Data filtrees'!$I$2:$I$618,"<>") | D4: =COUNTIFS('Data filtrees'!$B$2:$B$618,$A4,'Data filtrees'!$C$2:$C$618,3,'Data filtrees'!$I$2:$I$618,"<>") | E4: =COUNTIFS('Data filtrees'!$B$2:$B$618,$A4,'Data filtrees'!$C$2:$C$618,4,'Data filtrees'!$I$2:$I$618,"<>") | F4: =COUNTIFS('Data filtrees'!$B$2:$B$618,$A4,'Data filtrees'!$C$2:$C$618,5,'Data filtrees'!$I$2:$I$618,"<>") | G4: =COUNTIFS('Data filtrees'!$B$2:$B$618,$A4,'Data filtrees'!$C$2:$C$618,6,'Data filtrees'!$I$2:$I$618,"<>") | H4: =COUNTIFS('Data filtrees'!$B$2:$B$618,$A4,'Data filtrees'!$C$2:$C$618,7,'Data filtrees'!$I$2:$I$618,"<>") | I4: =COUNTIFS('Data filtrees'!$B$2:$B$618,$A4,'Data filtrees'!$C$2:$C$618,8,'Data filtrees'!$I$2:$I$618,"<>") | J4: =COUNTIFS('Data filtrees'!$B$2:$B$618,$A4,'Data filtrees'!$C$2:$C$618,9,'Data filtrees'!$I$2:$I$618,"<>") | K4: =COUNTIFS('Data filtrees'!$B$2:$B$618,$A4,'Data filtrees'!$C$2:$C$618,10,'Data filtrees'!$I$2:$I$618,"<>") | L4: =COUNTIFS('Data filtrees'!$B$2:$B$618,$A4,'Data filtrees'!$C$2:$C$618,11,'Data filtrees'!$I$2:$I$618,"<>") | M4: =COUNTIFS('Data filtrees'!$B$2:$B$618,$A4,'Data filtrees'!$C$2:$C$618,12,'Data filtrees'!$I$2:$I$618,"<>")
A6: MOYENNE | B6: 1 | C6: 2 | D6: 3 | E6: 4 | F6: 5 | G6: 6 | H6: 7 | I6: 8 | J6: 9 | K6: 10 | L6: 11 | M6: 12
A7: 2RS | B7: =IF(B3>=5,AVERAGEIFS('Data filtrees'!$I$2:$I$618,'Data filtrees'!$B$2:$B$618,$A3,'Data filtrees'!$C$2:$C$618,1),AVERAGEIFS('Data filtrees'!$I$2:$I$618,'Data filtrees'!$C$2:$C$618,1)) | C7: =IF(C3>=5,AVERAGEIFS('Data filtrees'!$I$2:$I$618,'Data filtrees'!$B$2:$B$618,$A3,'Data filtrees'!$C$2:$C$618,2),AVERAGEIFS('Data filtrees'!$I$2:$I$618,'Data filtrees'!$C$2:$C$618,2)) | D7: =IF(D3>=5,AVERAGEIFS('Data filtrees'!$I$2:$I$618,'Data filtrees'!$B$2:$B$618,$A3,'Data filtrees'!$C$2:$C$618,3),AVERAGEIFS('Data filtrees'!$I$2:$I$618,'Data filtrees'!$C$2:$C$618,3)) | E7: =IF(E3>=5,AVERAGEIFS('Data filtrees'!$I$2:$I$618,'Data filtrees'!$B$2:$B$618,$A3,'Data filtrees'!$C$2:$C$618,4),AVERAGEIFS('Data filtrees'!$I$2:$I$618,'Data filtrees'!$C$2:$C$618,4)) | F7: =IF(F3>=5,AVERAGEIFS('Data filtrees'!$I$2:$I$618,'Data filtrees'!$B$2:$B$618,$A3,'Data filtrees'!$C$2:$C$618,5),AVERAGEIFS('Data filtrees'!$I$2:$I$618,'Data filtrees'!$C$2:$C$618,5)) | G7: =IF(G3>=5,AVERAGEIFS('Data filtrees'!$I$2:$I$618,'Data filtrees'!$B$2:$B$618,$A3,'Data filtrees'!$C$2:$C$618,6),AVERAGEIFS('Data filtrees'!$I$2:$I$618,'Data filtrees'!$C$2:$C$618,6)) | H7: =IF(H3>=5,AVERAGEIFS('Data filtrees'!$I$2:$I$618,'Data filtrees'!$B$2:$B$618,$A3,'Data filtrees'!$C$2:$C$618,7),AVERAGEIFS('Data filtrees'!$I$2:$I$618,'Data filtrees'!$C$2:$C$618,7)) | I7: =IF(I3>=5,AVERAGEIFS('Data filtrees'!$I$2:$I$618,'Data filtrees'!$B$2:$B$618,$A3,'Data filtrees'!$C$2:$C$618,8),AVERAGEIFS('Data filtrees'!$I$2:$I$618,'Data filtrees'!$C$2:$C$618,8)) | J7: =IF(J3>=5,AVERAGEIFS('Data filtrees'!$I$2:$I$618,'Data filtrees'!$B$2:$B$618,$A3,'Data filtrees'!$C$2:$C$618,9),AVERAGEIFS('Data filtrees'!$I$2:$I$618,'Data filtrees'!$C$2:$C$618,9)) | K7: =IF(K3>=5,AVERAGEIFS('Data filtrees'!$I$2:$I$618,'Data filtrees'!$B$2:$B$618,$A3,'Data filtrees'!$C$2:$C$618,10),AVERAGEIFS('Data filtrees'!$I$2:$I$618,'Data filtrees'!$C$2:$C$618,10)) | L7: =IF(L3>=5,AVERAGEIFS('Data filtrees'!$I$2:$I$618,'Data filtrees'!$B$2:$B$618,$A3,'Data filtrees'!$C$2:$C$618,11),AVERAGEIFS('Data filtrees'!$I$2:$I$618,'Data filtrees'!$C$2:$C$618,11)) | M7: =IF(M3>=5,AVERAGEIFS('Data filtrees'!$I$2:$I$618,'Data filtrees'!$B$2:$B$618,$A3,'Data filtrees'!$C$2:$C$618,12),AVERAGEIFS('Data filtrees'!$I$2:$I$618,'Data filtrees'!$C$2:$C$618,12))
A8: IBON | B8: =IF(B4>=5,AVERAGEIFS('Data filtrees'!$I$2:$I$618,'Data filtrees'!$B$2:$B$618,$A4,'Data filtrees'!$C$2:$C$618,1),AVERAGEIFS('Data filtrees'!$I$2:$I$618,'Data filtrees'!$C$2:$C$618,1)) | C8: =IF(C4>=5,AVERAGEIFS('Data filtrees'!$I$2:$I$618,'Data filtrees'!$B$2:$B$618,$A4,'Data filtrees'!$C$2:$C$618,2),AVERAGEIFS('Data filtrees'!$I$2:$I$618,'Data filtrees'!$C$2:$C$618,2)) | D8: =IF(D4>=5,AVERAGEIFS('Data filtrees'!$I$2:$I$618,'Data filtrees'!$B$2:$B$618,$A4,'Data filtrees'!$C$2:$C$618,3),AVERAGEIFS('Data filtrees'!$I$2:$I$618,'Data filtrees'!$C$2:$C$618,3)) | E8: =IF(E4>=5,AVERAGEIFS('Data filtrees'!$I$2:$I$618,'Data filtrees'!$B$2:$B$618,$A4,'Data filtrees'!$C$2:$C$618,4),AVERAGEIFS('Data filtrees'!$I$2:$I$618,'Data filtrees'!$C$2:$C$618,4)) | F8: =IF(F4>=5,AVERAGEIFS('Data filtrees'!$I$2:$I$618,'Data filtrees'!$B$2:$B$618,$A4,'Data filtrees'!$C$2:$C$618,5),AVERAGEIFS('Data filtrees'!$I$2:$I$618,'Data filtrees'!$C$2:$C$618,5)) | G8: =IF(G4>=5,AVERAGEIFS('Data filtrees'!$I$2:$I$618,'Data filtrees'!$B$2:$B$618,$A4,'Data filtrees'!$C$2:$C$618,6),AVERAGEIFS('Data filtrees'!$I$2:$I$618,'Data filtrees'!$C$2:$C$618,6)) | H8: =IF(H4>=5,AVERAGEIFS('Data filtrees'!$I$2:$I$618,'Data filtrees'!$B$2:$B$618,$A4,'Data filtrees'!$C$2:$C$618,7),AVERAGEIFS('Data filtrees'!$I$2:$I$618,'Data filtrees'!$C$2:$C$618,7)) | I8: =IF(I4>=5,AVERAGEIFS('Data filtrees'!$I$2:$I$618,'Data filtrees'!$B$2:$B$618,$A4,'Data filtrees'!$C$2:$C$618,8),AVERAGEIFS('Data filtrees'!$I$2:$I$618,'Data filtrees'!$C$2:$C$618,8)) | J8: =IF(J4>=5,AVERAGEIFS('Data filtrees'!$I$2:$I$618,'Data filtrees'!$B$2:$B$618,$A4,'Data filtrees'!$C$2:$C$618,9),AVERAGEIFS('Data filtrees'!$I$2:$I$618,'Data filtrees'!$C$2:$C$618,9)) | K8: =IF(K4>=5,AVERAGEIFS('Data filtrees'!$I$2:$I$618,'Data filtrees'!$B$2:$B$618,$A4,'Data filtrees'!$C$2:$C$618,10),AVERAGEIFS('Data filtrees'!$I$2:$I$618,'Data filtrees'!$C$2:$C$618,10)) | L8: =IF(L4>=5,AVERAGEIFS('Data filtrees'!$I$2:$I$618,'Data filtrees'!$B$2:$B$618,$A4,'Data filtrees'!$C$2:$C$618,11),AVERAGEIFS('Data filtrees'!$I$2:$I$618,'Data filtrees'!$C$2:$C$618,11)) | M8: =IF(M4>=5,AVERAGEIFS('Data filtrees'!$I$2:$I$618,'Data filtrees'!$B$2:$B$618,$A4,'Data filtrees'!$C$2:$C$618,12),AVERAGEIFS('Data filtrees'!$I$2:$I$618,'Data filtrees'!$C$2:$C$618,12))
A9: monthly_average | B9: =AVERAGEIFS('Data filtrees'!$I$2:$I$618,'Data filtrees'!$C$2:$C$618,1) | C9: =AVERAGEIFS('Data filtrees'!$I$2:$I$618,'Data filtrees'!$C$2:$C$618,2) | D9: =AVERAGEIFS('Data filtrees'!$I$2:$I$618,'Data filtrees'!$C$2:$C$618,3) | E9: =AVERAGEIFS('Data filtrees'!$I$2:$I$618,'Data filtrees'!$C$2:$C$618,4) | F9: =AVERAGEIFS('Data filtrees'!$I$2:$I$618,'Data filtrees'!$C$2:$C$618,5) | G9: =AVERAGEIFS('Data filtrees'!$I$2:$I$618,'Data filtrees'!$C$2:$C$618,6) | H9: =AVERAGEIFS('Data filtrees'!$I$2:$I$618,'Data filtrees'!$C$2:$C$618,7) | I9: =AVERAGEIFS('Data filtrees'!$I$2:$I$618,'Data filtrees'!$C$2:$C$618,8) | J9: =AVERAGEIFS('Data filtrees'!$I$2:$I$618,'Data filtrees'!$C$2:$C$618,9) | K9: =AVERAGEIFS('Data filtrees'!$I$2:$I$618,'Data filtrees'!$C$2:$C$618,10) | L9: =AVERAGEIFS('Data filtrees'!$I$2:$I$618,'Data filtrees'!$C$2:$C$618,11) | M9: =AVERAGEIFS('Data filtrees'!$I$2:$I$618,'Data filtrees'!$C$2:$C$618,12)
A11: Au moins 5 couches : moyenne du cahier des charges. En dessous : moyenne du mois, tous cahiers des charges confondus.

Sheet malt_moisture
A1: Humidite du malt — nombre de couches, puis moyenne
A2: NB | B2: 1 | C2: 2 | D2: 3 | E2: 4 | F2: 5 | G2: 6 | H2: 7 | I2: 8 | J2: 9 | K2: 10 | L2: 11 | M2: 12
A3: 2RS | B3: =COUNTIFS('Data filtrees'!$B$2:$B$618,$A3,'Data filtrees'!$C$2:$C$618,1,'Data filtrees'!$J$2:$J$618,"<>") | C3: =COUNTIFS('Data filtrees'!$B$2:$B$618,$A3,'Data filtrees'!$C$2:$C$618,2,'Data filtrees'!$J$2:$J$618,"<>") | D3: =COUNTIFS('Data filtrees'!$B$2:$B$618,$A3,'Data filtrees'!$C$2:$C$618,3,'Data filtrees'!$J$2:$J$618,"<>") | E3: =COUNTIFS('Data filtrees'!$B$2:$B$618,$A3,'Data filtrees'!$C$2:$C$618,4,'Data filtrees'!$J$2:$J$618,"<>") | F3: =COUNTIFS('Data filtrees'!$B$2:$B$618,$A3,'Data filtrees'!$C$2:$C$618,5,'Data filtrees'!$J$2:$J$618,"<>") | G3: =COUNTIFS('Data filtrees'!$B$2:$B$618,$A3,'Data filtrees'!$C$2:$C$618,6,'Data filtrees'!$J$2:$J$618,"<>") | H3: =COUNTIFS('Data filtrees'!$B$2:$B$618,$A3,'Data filtrees'!$C$2:$C$618,7,'Data filtrees'!$J$2:$J$618,"<>") | I3: =COUNTIFS('Data filtrees'!$B$2:$B$618,$A3,'Data filtrees'!$C$2:$C$618,8,'Data filtrees'!$J$2:$J$618,"<>") | J3: =COUNTIFS('Data filtrees'!$B$2:$B$618,$A3,'Data filtrees'!$C$2:$C$618,9,'Data filtrees'!$J$2:$J$618,"<>") | K3: =COUNTIFS('Data filtrees'!$B$2:$B$618,$A3,'Data filtrees'!$C$2:$C$618,10,'Data filtrees'!$J$2:$J$618,"<>") | L3: =COUNTIFS('Data filtrees'!$B$2:$B$618,$A3,'Data filtrees'!$C$2:$C$618,11,'Data filtrees'!$J$2:$J$618,"<>") | M3: =COUNTIFS('Data filtrees'!$B$2:$B$618,$A3,'Data filtrees'!$C$2:$C$618,12,'Data filtrees'!$J$2:$J$618,"<>")
A4: IBON | B4: =COUNTIFS('Data filtrees'!$B$2:$B$618,$A4,'Data filtrees'!$C$2:$C$618,1,'Data filtrees'!$J$2:$J$618,"<>") | C4: =COUNTIFS('Data filtrees'!$B$2:$B$618,$A4,'Data filtrees'!$C$2:$C$618,2,'Data filtrees'!$J$2:$J$618,"<>") | D4: =COUNTIFS('Data filtrees'!$B$2:$B$618,$A4,'Data filtrees'!$C$2:$C$618,3,'Data filtrees'!$J$2:$J$618,"<>") | E4: =COUNTIFS('Data filtrees'!$B$2:$B$618,$A4,'Data filtrees'!$C$2:$C$618,4,'Data filtrees'!$J$2:$J$618,"<>") | F4: =COUNTIFS('Data filtrees'!$B$2:$B$618,$A4,'Data filtrees'!$C$2:$C$618,5,'Data filtrees'!$J$2:$J$618,"<>") | G4: =COUNTIFS('Data filtrees'!$B$2:$B$618,$A4,'Data filtrees'!$C$2:$C$618,6,'Data filtrees'!$J$2:$J$618,"<>") | H4: =COUNTIFS('Data filtrees'!$B$2:$B$618,$A4,'Data filtrees'!$C$2:$C$618,7,'Data filtrees'!$J$2:$J$618,"<>") | I4: =COUNTIFS('Data filtrees'!$B$2:$B$618,$A4,'Data filtrees'!$C$2:$C$618,8,'Data filtrees'!$J$2:$J$618,"<>") | J4: =COUNTIFS('Data filtrees'!$B$2:$B$618,$A4,'Data filtrees'!$C$2:$C$618,9,'Data filtrees'!$J$2:$J$618,"<>") | K4: =COUNTIFS('Data filtrees'!$B$2:$B$618,$A4,'Data filtrees'!$C$2:$C$618,10,'Data filtrees'!$J$2:$J$618,"<>") | L4: =COUNTIFS('Data filtrees'!$B$2:$B$618,$A4,'Data filtrees'!$C$2:$C$618,11,'Data filtrees'!$J$2:$J$618,"<>") | M4: =COUNTIFS('Data filtrees'!$B$2:$B$618,$A4,'Data filtrees'!$C$2:$C$618,12,'Data filtrees'!$J$2:$J$618,"<>")
A6: MOYENNE | B6: 1 | C6: 2 | D6: 3 | E6: 4 | F6: 5 | G6: 6 | H6: 7 | I6: 8 | J6: 9 | K6: 10 | L6: 11 | M6: 12
A7: 2RS | B7: =IF(B3>=5,AVERAGEIFS('Data filtrees'!$J$2:$J$618,'Data filtrees'!$B$2:$B$618,$A3,'Data filtrees'!$C$2:$C$618,1),AVERAGEIFS('Data filtrees'!$J$2:$J$618,'Data filtrees'!$C$2:$C$618,1)) | C7: =IF(C3>=5,AVERAGEIFS('Data filtrees'!$J$2:$J$618,'Data filtrees'!$B$2:$B$618,$A3,'Data filtrees'!$C$2:$C$618,2),AVERAGEIFS('Data filtrees'!$J$2:$J$618,'Data filtrees'!$C$2:$C$618,2)) | D7: =IF(D3>=5,AVERAGEIFS('Data filtrees'!$J$2:$J$618,'Data filtrees'!$B$2:$B$618,$A3,'Data filtrees'!$C$2:$C$618,3),AVERAGEIFS('Data filtrees'!$J$2:$J$618,'Data filtrees'!$C$2:$C$618,3)) | E7: =IF(E3>=5,AVERAGEIFS('Data filtrees'!$J$2:$J$618,'Data filtrees'!$B$2:$B$618,$A3,'Data filtrees'!$C$2:$C$618,4),AVERAGEIFS('Data filtrees'!$J$2:$J$618,'Data filtrees'!$C$2:$C$618,4)) | F7: =IF(F3>=5,AVERAGEIFS('Data filtrees'!$J$2:$J$618,'Data filtrees'!$B$2:$B$618,$A3,'Data filtrees'!$C$2:$C$618,5),AVERAGEIFS('Data filtrees'!$J$2:$J$618,'Data filtrees'!$C$2:$C$618,5)) | G7: =IF(G3>=5,AVERAGEIFS('Data filtrees'!$J$2:$J$618,'Data filtrees'!$B$2:$B$618,$A3,'Data filtrees'!$C$2:$C$618,6),AVERAGEIFS('Data filtrees'!$J$2:$J$618,'Data filtrees'!$C$2:$C$618,6)) | H7: =IF(H3>=5,AVERAGEIFS('Data filtrees'!$J$2:$J$618,'Data filtrees'!$B$2:$B$618,$A3,'Data filtrees'!$C$2:$C$618,7),AVERAGEIFS('Data filtrees'!$J$2:$J$618,'Data filtrees'!$C$2:$C$618,7)) | I7: =IF(I3>=5,AVERAGEIFS('Data filtrees'!$J$2:$J$618,'Data filtrees'!$B$2:$B$618,$A3,'Data filtrees'!$C$2:$C$618,8),AVERAGEIFS('Data filtrees'!$J$2:$J$618,'Data filtrees'!$C$2:$C$618,8)) | J7: =IF(J3>=5,AVERAGEIFS('Data filtrees'!$J$2:$J$618,'Data filtrees'!$B$2:$B$618,$A3,'Data filtrees'!$C$2:$C$618,9),AVERAGEIFS('Data filtrees'!$J$2:$J$618,'Data filtrees'!$C$2:$C$618,9)) | K7: =IF(K3>=5,AVERAGEIFS('Data filtrees'!$J$2:$J$618,'Data filtrees'!$B$2:$B$618,$A3,'Data filtrees'!$C$2:$C$618,10),AVERAGEIFS('Data filtrees'!$J$2:$J$618,'Data filtrees'!$C$2:$C$618,10)) | L7: =IF(L3>=5,AVERAGEIFS('Data filtrees'!$J$2:$J$618,'Data filtrees'!$B$2:$B$618,$A3,'Data filtrees'!$C$2:$C$618,11),AVERAGEIFS('Data filtrees'!$J$2:$J$618,'Data filtrees'!$C$2:$C$618,11)) | M7: =IF(M3>=5,AVERAGEIFS('Data filtrees'!$J$2:$J$618,'Data filtrees'!$B$2:$B$618,$A3,'Data filtrees'!$C$2:$C$618,12),AVERAGEIFS('Data filtrees'!$J$2:$J$618,'Data filtrees'!$C$2:$C$618,12))
A8: IBON | B8: =IF(B4>=5,AVERAGEIFS('Data filtrees'!$J$2:$J$618,'Data filtrees'!$B$2:$B$618,$A4,'Data filtrees'!$C$2:$C$618,1),AVERAGEIFS('Data filtrees'!$J$2:$J$618,'Data filtrees'!$C$2:$C$618,1)) | C8: =IF(C4>=5,AVERAGEIFS('Data filtrees'!$J$2:$J$618,'Data filtrees'!$B$2:$B$618,$A4,'Data filtrees'!$C$2:$C$618,2),AVERAGEIFS('Data filtrees'!$J$2:$J$618,'Data filtrees'!$C$2:$C$618,2)) | D8: =IF(D4>=5,AVERAGEIFS('Data filtrees'!$J$2:$J$618,'Data filtrees'!$B$2:$B$618,$A4,'Data filtrees'!$C$2:$C$618,3),AVERAGEIFS('Data filtrees'!$J$2:$J$618,'Data filtrees'!$C$2:$C$618,3)) | E8: =IF(E4>=5,AVERAGEIFS('Data filtrees'!$J$2:$J$618,'Data filtrees'!$B$2:$B$618,$A4,'Data filtrees'!$C$2:$C$618,4),AVERAGEIFS('Data filtrees'!$J$2:$J$618,'Data filtrees'!$C$2:$C$618,4)) | F8: =IF(F4>=5,AVERAGEIFS('Data filtrees'!$J$2:$J$618,'Data filtrees'!$B$2:$B$618,$A4,'Data filtrees'!$C$2:$C$618,5),AVERAGEIFS('Data filtrees'!$J$2:$J$618,'Data filtrees'!$C$2:$C$618,5)) | G8: =IF(G4>=5,AVERAGEIFS('Data filtrees'!$J$2:$J$618,'Data filtrees'!$B$2:$B$618,$A4,'Data filtrees'!$C$2:$C$618,6),AVERAGEIFS('Data filtrees'!$J$2:$J$618,'Data filtrees'!$C$2:$C$618,6)) | H8: =IF(H4>=5,AVERAGEIFS('Data filtrees'!$J$2:$J$618,'Data filtrees'!$B$2:$B$618,$A4,'Data filtrees'!$C$2:$C$618,7),AVERAGEIFS('Data filtrees'!$J$2:$J$618,'Data filtrees'!$C$2:$C$618,7)) | I8: =IF(I4>=5,AVERAGEIFS('Data filtrees'!$J$2:$J$618,'Data filtrees'!$B$2:$B$618,$A4,'Data filtrees'!$C$2:$C$618,8),AVERAGEIFS('Data filtrees'!$J$2:$J$618,'Data filtrees'!$C$2:$C$618,8)) | J8: =IF(J4>=5,AVERAGEIFS('Data filtrees'!$J$2:$J$618,'Data filtrees'!$B$2:$B$618,$A4,'Data filtrees'!$C$2:$C$618,9),AVERAGEIFS('Data filtrees'!$J$2:$J$618,'Data filtrees'!$C$2:$C$618,9)) | K8: =IF(K4>=5,AVERAGEIFS('Data filtrees'!$J$2:$J$618,'Data filtrees'!$B$2:$B$618,$A4,'Data filtrees'!$C$2:$C$618,10),AVERAGEIFS('Data filtrees'!$J$2:$J$618,'Data filtrees'!$C$2:$C$618,10)) | L8: =IF(L4>=5,AVERAGEIFS('Data filtrees'!$J$2:$J$618,'Data filtrees'!$B$2:$B$618,$A4,'Data filtrees'!$C$2:$C$618,11),AVERAGEIFS('Data filtrees'!$J$2:$J$618,'Data filtrees'!$C$2:$C$618,11)) | M8: =IF(M4>=5,AVERAGEIFS('Data filtrees'!$J$2:$J$618,'Data filtrees'!$B$2:$B$618,$A4,'Data filtrees'!$C$2:$C$618,12),AVERAGEIFS('Data filtrees'!$J$2:$J$618,'Data filtrees'!$C$2:$C$618,12))
A9: monthly_average | B9: =AVERAGEIFS('Data filtrees'!$J$2:$J$618,'Data filtrees'!$C$2:$C$618,1) | C9: =AVERAGEIFS('Data filtrees'!$J$2:$J$618,'Data filtrees'!$C$2:$C$618,2) | D9: =AVERAGEIFS('Data filtrees'!$J$2:$J$618,'Data filtrees'!$C$2:$C$618,3) | E9: =AVERAGEIFS('Data filtrees'!$J$2:$J$618,'Data filtrees'!$C$2:$C$618,4) | F9: =AVERAGEIFS('Data filtrees'!$J$2:$J$618,'Data filtrees'!$C$2:$C$618,5) | G9: =AVERAGEIFS('Data filtrees'!$J$2:$J$618,'Data filtrees'!$C$2:$C$618,6) | H9: =AVERAGEIFS('Data filtrees'!$J$2:$J$618,'Data filtrees'!$C$2:$C$618,7) | I9: =AVERAGEIFS('Data filtrees'!$J$2:$J$618,'Data filtrees'!$C$2:$C$618,8) | J9: =AVERAGEIFS('Data filtrees'!$J$2:$J$618,'Data filtrees'!$C$2:$C$618,9) | K9: =AVERAGEIFS('Data filtrees'!$J$2:$J$618,'Data filtrees'!$C$2:$C$618,10) | L9: =AVERAGEIFS('Data filtrees'!$J$2:$J$618,'Data filtrees'!$C$2:$C$618,11) | M9: =AVERAGEIFS('Data filtrees'!$J$2:$J$618,'Data filtrees'!$C$2:$C$618,12)
A11: Au moins 5 couches : moyenne du cahier des charges. En dessous : moyenne du mois, tous cahiers des charges confondus.

Sheet FAN
A1: FAN — nombre de couches, puis moyenne
A2: NB | B2: 1 | C2: 2 | D2: 3 | E2: 4 | F2: 5 | G2: 6 | H2: 7 | I2: 8 | J2: 9 | K2: 10 | L2: 11 | M2: 12
A3: 2RS | B3: =COUNTIFS('Data filtrees'!$B$2:$B$618,$A3,'Data filtrees'!$C$2:$C$618,1,'Data filtrees'!$K$2:$K$618,"<>") | C3: =COUNTIFS('Data filtrees'!$B$2:$B$618,$A3,'Data filtrees'!$C$2:$C$618,2,'Data filtrees'!$K$2:$K$618,"<>") | D3: =COUNTIFS('Data filtrees'!$B$2:$B$618,$A3,'Data filtrees'!$C$2:$C$618,3,'Data filtrees'!$K$2:$K$618,"<>") | E3: =COUNTIFS('Data filtrees'!$B$2:$B$618,$A3,'Data filtrees'!$C$2:$C$618,4,'Data filtrees'!$K$2:$K$618,"<>") | F3: =COUNTIFS('Data filtrees'!$B$2:$B$618,$A3,'Data filtrees'!$C$2:$C$618,5,'Data filtrees'!$K$2:$K$618,"<>") | G3: =COUNTIFS('Data filtrees'!$B$2:$B$618,$A3,'Data filtrees'!$C$2:$C$618,6,'Data filtrees'!$K$2:$K$618,"<>") | H3: =COUNTIFS('Data filtrees'!$B$2:$B$618,$A3,'Data filtrees'!$C$2:$C$618,7,'Data filtrees'!$K$2:$K$618,"<>") | I3: =COUNTIFS('Data filtrees'!$B$2:$B$618,$A3,'Data filtrees'!$C$2:$C$618,8,'Data filtrees'!$K$2:$K$618,"<>") | J3: =COUNTIFS('Data filtrees'!$B$2:$B$618,$A3,'Data filtrees'!$C$2:$C$618,9,'Data filtrees'!$K$2:$K$618,"<>") | K3: =COUNTIFS('Data filtrees'!$B$2:$B$618,$A3,'Data filtrees'!$C$2:$C$618,10,'Data filtrees'!$K$2:$K$618,"<>") | L3: =COUNTIFS('Data filtrees'!$B$2:$B$618,$A3,'Data filtrees'!$C$2:$C$618,11,'Data filtrees'!$K$2:$K$618,"<>") | M3: =COUNTIFS('Data filtrees'!$B$2:$B$618,$A3,'Data filtrees'!$C$2:$C$618,12,'Data filtrees'!$K$2:$K$618,"<>")
A4: IBON | B4: =COUNTIFS('Data filtrees'!$B$2:$B$618,$A4,'Data filtrees'!$C$2:$C$618,1,'Data filtrees'!$K$2:$K$618,"<>") | C4: =COUNTIFS('Data filtrees'!$B$2:$B$618,$A4,'Data filtrees'!$C$2:$C$618,2,'Data filtrees'!$K$2:$K$618,"<>") | D4: =COUNTIFS('Data filtrees'!$B$2:$B$618,$A4,'Data filtrees'!$C$2:$C$618,3,'Data filtrees'!$K$2:$K$618,"<>") | E4: =COUNTIFS('Data filtrees'!$B$2:$B$618,$A4,'Data filtrees'!$C$2:$C$618,4,'Data filtrees'!$K$2:$K$618,"<>") | F4: =COUNTIFS('Data filtrees'!$B$2:$B$618,$A4,'Data filtrees'!$C$2:$C$618,5,'Data filtrees'!$K$2:$K$618,"<>") | G4: =COUNTIFS('Data filtrees'!$B$2:$B$618,$A4,'Data filtrees'!$C$2:$C$618,6,'Data filtrees'!$K$2:$K$618,"<>") | H4: =COUNTIFS('Data filtrees'!$B$2:$B$618,$A4,'Data filtrees'!$C$2:$C$618,7,'Data filtrees'!$K$2:$K$618,"<>") | I4: =COUNTIFS('Data filtrees'!$B$2:$B$618,$A4,'Data filtrees'!$C$2:$C$618,8,'Data filtrees'!$K$2:$K$618,"<>") | J4: =COUNTIFS('Data filtrees'!$B$2:$B$618,$A4,'Data filtrees'!$C$2:$C$618,9,'Data filtrees'!$K$2:$K$618,"<>") | K4: =COUNTIFS('Data filtrees'!$B$2:$B$618,$A4,'Data filtrees'!$C$2:$C$618,10,'Data filtrees'!$K$2:$K$618,"<>") | L4: =COUNTIFS('Data filtrees'!$B$2:$B$618,$A4,'Data filtrees'!$C$2:$C$618,11,'Data filtrees'!$K$2:$K$618,"<>") | M4: =COUNTIFS('Data filtrees'!$B$2:$B$618,$A4,'Data filtrees'!$C$2:$C$618,12,'Data filtrees'!$K$2:$K$618,"<>")
A6: MOYENNE | B6: 1 | C6: 2 | D6: 3 | E6: 4 | F6: 5 | G6: 6 | H6: 7 | I6: 8 | J6: 9 | K6: 10 | L6: 11 | M6: 12
A7: 2RS | B7: =IF(B3>=5,AVERAGEIFS('Data filtrees'!$K$2:$K$618,'Data filtrees'!$B$2:$B$618,$A3,'Data filtrees'!$C$2:$C$618,1),AVERAGEIFS('Data filtrees'!$K$2:$K$618,'Data filtrees'!$C$2:$C$618,1)) | C7: =IF(C3>=5,AVERAGEIFS('Data filtrees'!$K$2:$K$618,'Data filtrees'!$B$2:$B$618,$A3,'Data filtrees'!$C$2:$C$618,2),AVERAGEIFS('Data filtrees'!$K$2:$K$618,'Data filtrees'!$C$2:$C$618,2)) | D7: =IF(D3>=5,AVERAGEIFS('Data filtrees'!$K$2:$K$618,'Data filtrees'!$B$2:$B$618,$A3,'Data filtrees'!$C$2:$C$618,3),AVERAGEIFS('Data filtrees'!$K$2:$K$618,'Data filtrees'!$C$2:$C$618,3)) | E7: =IF(E3>=5,AVERAGEIFS('Data filtrees'!$K$2:$K$618,'Data filtrees'!$B$2:$B$618,$A3,'Data filtrees'!$C$2:$C$618,4),AVERAGEIFS('Data filtrees'!$K$2:$K$618,'Data filtrees'!$C$2:$C$618,4)) | F7: =IF(F3>=5,AVERAGEIFS('Data filtrees'!$K$2:$K$618,'Data filtrees'!$B$2:$B$618,$A3,'Data filtrees'!$C$2:$C$618,5),AVERAGEIFS('Data filtrees'!$K$2:$K$618,'Data filtrees'!$C$2:$C$618,5)) | G7: =IF(G3>=5,AVERAGEIFS('Data filtrees'!$K$2:$K$618,'Data filtrees'!$B$2:$B$618,$A3,'Data filtrees'!$C$2:$C$618,6),AVERAGEIFS('Data filtrees'!$K$2:$K$618,'Data filtrees'!$C$2:$C$618,6)) | H7: =IF(H3>=5,AVERAGEIFS('Data filtrees'!$K$2:$K$618,'Data filtrees'!$B$2:$B$618,$A3,'Data filtrees'!$C$2:$C$618,7),AVERAGEIFS('Data filtrees'!$K$2:$K$618,'Data filtrees'!$C$2:$C$618,7)) | I7: =IF(I3>=5,AVERAGEIFS('Data filtrees'!$K$2:$K$618,'Data filtrees'!$B$2:$B$618,$A3,'Data filtrees'!$C$2:$C$618,8),AVERAGEIFS('Data filtrees'!$K$2:$K$618,'Data filtrees'!$C$2:$C$618,8)) | J7: =IF(J3>=5,AVERAGEIFS('Data filtrees'!$K$2:$K$618,'Data filtrees'!$B$2:$B$618,$A3,'Data filtrees'!$C$2:$C$618,9),AVERAGEIFS('Data filtrees'!$K$2:$K$618,'Data filtrees'!$C$2:$C$618,9)) | K7: =IF(K3>=5,AVERAGEIFS('Data filtrees'!$K$2:$K$618,'Data filtrees'!$B$2:$B$618,$A3,'Data filtrees'!$C$2:$C$618,10),AVERAGEIFS('Data filtrees'!$K$2:$K$618,'Data filtrees'!$C$2:$C$618,10)) | L7: =IF(L3>=5,AVERAGEIFS('Data filtrees'!$K$2:$K$618,'Data filtrees'!$B$2:$B$618,$A3,'Data filtrees'!$C$2:$C$618,11),AVERAGEIFS('Data filtrees'!$K$2:$K$618,'Data filtrees'!$C$2:$C$618,11)) | M7: =IF(M3>=5,AVERAGEIFS('Data filtrees'!$K$2:$K$618,'Data filtrees'!$B$2:$B$618,$A3,'Data filtrees'!$C$2:$C$618,12),AVERAGEIFS('Data filtrees'!$K$2:$K$618,'Data filtrees'!$C$2:$C$618,12))
A8: IBON | B8: =IF(B4>=5,AVERAGEIFS('Data filtrees'!$K$2:$K$618,'Data filtrees'!$B$2:$B$618,$A4,'Data filtrees'!$C$2:$C$618,1),AVERAGEIFS('Data filtrees'!$K$2:$K$618,'Data filtrees'!$C$2:$C$618,1)) | C8: =IF(C4>=5,AVERAGEIFS('Data filtrees'!$K$2:$K$618,'Data filtrees'!$B$2:$B$618,$A4,'Data filtrees'!$C$2:$C$618,2),AVERAGEIFS('Data filtrees'!$K$2:$K$618,'Data filtrees'!$C$2:$C$618,2)) | D8: =IF(D4>=5,AVERAGEIFS('Data filtrees'!$K$2:$K$618,'Data filtrees'!$B$2:$B$618,$A4,'Data filtrees'!$C$2:$C$618,3),AVERAGEIFS('Data filtrees'!$K$2:$K$618,'Data filtrees'!$C$2:$C$618,3)) | E8: =IF(E4>=5,AVERAGEIFS('Data filtrees'!$K$2:$K$618,'Data filtrees'!$B$2:$B$618,$A4,'Data filtrees'!$C$2:$C$618,4),AVERAGEIFS('Data filtrees'!$K$2:$K$618,'Data filtrees'!$C$2:$C$618,4)) | F8: =IF(F4>=5,AVERAGEIFS('Data filtrees'!$K$2:$K$618,'Data filtrees'!$B$2:$B$618,$A4,'Data filtrees'!$C$2:$C$618,5),AVERAGEIFS('Data filtrees'!$K$2:$K$618,'Data filtrees'!$C$2:$C$618,5)) | G8: =IF(G4>=5,AVERAGEIFS('Data filtrees'!$K$2:$K$618,'Data filtrees'!$B$2:$B$618,$A4,'Data filtrees'!$C$2:$C$618,6),AVERAGEIFS('Data filtrees'!$K$2:$K$618,'Data filtrees'!$C$2:$C$618,6)) | H8: =IF(H4>=5,AVERAGEIFS('Data filtrees'!$K$2:$K$618,'Data filtrees'!$B$2:$B$618,$A4,'Data filtrees'!$C$2:$C$618,7),AVERAGEIFS('Data filtrees'!$K$2:$K$618,'Data filtrees'!$C$2:$C$618,7)) | I8: =IF(I4>=5,AVERAGEIFS('Data filtrees'!$K$2:$K$618,'Data filtrees'!$B$2:$B$618,$A4,'Data filtrees'!$C$2:$C$618,8),AVERAGEIFS('Data filtrees'!$K$2:$K$618,'Data filtrees'!$C$2:$C$618,8)) | J8: =IF(J4>=5,AVERAGEIFS('Data filtrees'!$K$2:$K$618,'Data filtrees'!$B$2:$B$618,$A4,'Data filtrees'!$C$2:$C$618,9),AVERAGEIFS('Data filtrees'!$K$2:$K$618,'Data filtrees'!$C$2:$C$618,9)) | K8: =IF(K4>=5,AVERAGEIFS('Data filtrees'!$K$2:$K$618,'Data filtrees'!$B$2:$B$618,$A4,'Data filtrees'!$C$2:$C$618,10),AVERAGEIFS('Data filtrees'!$K$2:$K$618,'Data filtrees'!$C$2:$C$618,10)) | L8: =IF(L4>=5,AVERAGEIFS('Data filtrees'!$K$2:$K$618,'Data filtrees'!$B$2:$B$618,$A4,'Data filtrees'!$C$2:$C$618,11),AVERAGEIFS('Data filtrees'!$K$2:$K$618,'Data filtrees'!$C$2:$C$618,11)) | M8: =IF(M4>=5,AVERAGEIFS('Data filtrees'!$K$2:$K$618,'Data filtrees'!$B$2:$B$618,$A4,'Data filtrees'!$C$2:$C$618,12),AVERAGEIFS('Data filtrees'!$K$2:$K$618,'Data filtrees'!$C$2:$C$618,12))
A9: monthly_average | B9: =AVERAGEIFS('Data filtrees'!$K$2:$K$618,'Data filtrees'!$C$2:$C$618,1) | C9: =AVERAGEIFS('Data filtrees'!$K$2:$K$618,'Data filtrees'!$C$2:$C$618,2) | D9: =AVERAGEIFS('Data filtrees'!$K$2:$K$618,'Data filtrees'!$C$2:$C$618,3) | E9: =AVERAGEIFS('Data filtrees'!$K$2:$K$618,'Data filtrees'!$C$2:$C$618,4) | F9: =AVERAGEIFS('Data filtrees'!$K$2:$K$618,'Data filtrees'!$C$2:$C$618,5) | G9: =AVERAGEIFS('Data filtrees'!$K$2:$K$618,'Data filtrees'!$C$2:$C$618,6) | H9: =AVERAGEIFS('Data filtrees'!$K$2:$K$618,'Data filtrees'!$C$2:$C$618,7) | I9: =AVERAGEIFS('Data filtrees'!$K$2:$K$618,'Data filtrees'!$C$2:$C$618,8) | J9: =AVERAGEIFS('Data filtrees'!$K$2:$K$618,'Data filtrees'!$C$2:$C$618,9) | K9: =AVERAGEIFS('Data filtrees'!$K$2:$K$618,'Data filtrees'!$C$2:$C$618,10) | L9: =AVERAGEIFS('Data filtrees'!$K$2:$K$618,'Data filtrees'!$C$2:$C$618,11) | M9: =AVERAGEIFS('Data filtrees'!$K$2:$K$618,'Data filtrees'!$C$2:$C$618,12)
A11: Au moins 5 couches : moyenne du cahier des charges. En dessous : moyenne du mois, tous cahiers des charges confondus.

Sheet friabilite
A1: Friabilite — nombre de couches, puis moyenne
A2: NB | B2: 1 | C2: 2 | D2: 3 | E2: 4 | F2: 5 | G2: 6 | H2: 7 | I2: 8 | J2: 9 | K2: 10 | L2: 11 | M2: 12
A3: 2RS | B3: =COUNTIFS('Data filtrees'!$B$2:$B$618,$A3,'Data filtrees'!$C$2:$C$618,1,'Data filtrees'!$L$2:$L$618,"<>") | C3: =COUNTIFS('Data filtrees'!$B$2:$B$618,$A3,'Data filtrees'!$C$2:$C$618,2,'Data filtrees'!$L$2:$L$618,"<>") | D3: =COUNTIFS('Data filtrees'!$B$2:$B$618,$A3,'Data filtrees'!$C$2:$C$618,3,'Data filtrees'!$L$2:$L$618,"<>") | E3: =COUNTIFS('Data filtrees'!$B$2:$B$618,$A3,'Data filtrees'!$C$2:$C$618,4,'Data filtrees'!$L$2:$L$618,"<>") | F3: =COUNTIFS('Data filtrees'!$B$2:$B$618,$A3,'Data filtrees'!$C$2:$C$618,5,'Data filtrees'!$L$2:$L$618,"<>") | G3: =COUNTIFS('Data filtrees'!$B$2:$B$618,$A3,'Data filtrees'!$C$2:$C$618,6,'Data filtrees'!$L$2:$L$618,"<>") | H3: =COUNTIFS('Data filtrees'!$B$2:$B$618,$A3,'Data filtrees'!$C$2:$C$618,7,'Data filtrees'!$L$2:$L$618,"<>") | I3: =COUNTIFS('Data filtrees'!$B$2:$B$618,$A3,'Data filtrees'!$C$2:$C$618,8,'Data filtrees'!$L$2:$L$618,"<>") | J3: =COUNTIFS('Data filtrees'!$B$2:$B$618,$A3,'Data filtrees'!$C$2:$C$618,9,'Data filtrees'!$L$2:$L$618,"<>") | K3: =COUNTIFS('Data filtrees'!$B$2:$B$618,$A3,'Data filtrees'!$C$2:$C$618,10,'Data filtrees'!$L$2:$L$618,"<>") | L3: =COUNTIFS('Data filtrees'!$B$2:$B$618,$A3,'Data filtrees'!$C$2:$C$618,11,'Data filtrees'!$L$2:$L$618,"<>") | M3: =COUNTIFS('Data filtrees'!$B$2:$B$618,$A3,'Data filtrees'!$C$2:$C$618,12,'Data filtrees'!$L$2:$L$618,"<>")
A4: IBON | B4: =COUNTIFS('Data filtrees'!$B$2:$B$618,$A4,'Data filtrees'!$C$2:$C$618,1,'Data filtrees'!$L$2:$L$618,"<>") | C4: =COUNTIFS('Data filtrees'!$B$2:$B$618,$A4,'Data filtrees'!$C$2:$C$618,2,'Data filtrees'!$L$2:$L$618,"<>") | D4: =COUNTIFS('Data filtrees'!$B$2:$B$618,$A4,'Data filtrees'!$C$2:$C$618,3,'Data filtrees'!$L$2:$L$618,"<>") | E4: =COUNTIFS('Data filtrees'!$B$2:$B$618,$A4,'Data filtrees'!$C$2:$C$618,4,'Data filtrees'!$L$2:$L$618,"<>") | F4: =COUNTIFS('Data filtrees'!$B$2:$B$618,$A4,'Data filtrees'!$C$2:$C$618,5,'Data filtrees'!$L$2:$L$618,"<>") | G4: =COUNTIFS('Data filtrees'!$B$2:$B$618,$A4,'Data filtrees'!$C$2:$C$618,6,'Data filtrees'!$L$2:$L$618,"<>") | H4: =COUNTIFS('Data filtrees'!$B$2:$B$618,$A4,'Data filtrees'!$C$2:$C$618,7,'Data filtrees'!$L$2:$L$618,"<>") | I4: =COUNTIFS('Data filtrees'!$B$2:$B$618,$A4,'Data filtrees'!$C$2:$C$618,8,'Data filtrees'!$L$2:$L$618,"<>") | J4: =COUNTIFS('Data filtrees'!$B$2:$B$618,$A4,'Data filtrees'!$C$2:$C$618,9,'Data filtrees'!$L$2:$L$618,"<>") | K4: =COUNTIFS('Data filtrees'!$B$2:$B$618,$A4,'Data filtrees'!$C$2:$C$618,10,'Data filtrees'!$L$2:$L$618,"<>") | L4: =COUNTIFS('Data filtrees'!$B$2:$B$618,$A4,'Data filtrees'!$C$2:$C$618,11,'Data filtrees'!$L$2:$L$618,"<>") | M4: =COUNTIFS('Data filtrees'!$B$2:$B$618,$A4,'Data filtrees'!$C$2:$C$618,12,'Data filtrees'!$L$2:$L$618,"<>")
A6: MOYENNE | B6: 1 | C6: 2 | D6: 3 | E6: 4 | F6: 5 | G6: 6 | H6: 7 | I6: 8 | J6: 9 | K6: 10 | L6: 11 | M6: 12
A7: 2RS | B7: =IF(B3>=5,AVERAGEIFS('Data filtrees'!$L$2:$L$618,'Data filtrees'!$B$2:$B$618,$A3,'Data filtrees'!$C$2:$C$618,1),AVERAGEIFS('Data filtrees'!$L$2:$L$618,'Data filtrees'!$C$2:$C$618,1)) | C7: =IF(C3>=5,AVERAGEIFS('Data filtrees'!$L$2:$L$618,'Data filtrees'!$B$2:$B$618,$A3,'Data filtrees'!$C$2:$C$618,2),AVERAGEIFS('Data filtrees'!$L$2:$L$618,'Data filtrees'!$C$2:$C$618,2)) | D7: =IF(D3>=5,AVERAGEIFS('Data filtrees'!$L$2:$L$618,'Data filtrees'!$B$2:$B$618,$A3,'Data filtrees'!$C$2:$C$618,3),AVERAGEIFS('Data filtrees'!$L$2:$L$618,'Data filtrees'!$C$2:$C$618,3)) | E7: =IF(E3>=5,AVERAGEIFS('Data filtrees'!$L$2:$L$618,'Data filtrees'!$B$2:$B$618,$A3,'Data filtrees'!$C$2:$C$618,4),AVERAGEIFS('Data filtrees'!$L$2:$L$618,'Data filtrees'!$C$2:$C$618,4)) | F7: =IF(F3>=5,AVERAGEIFS('Data filtrees'!$L$2:$L$618,'Data filtrees'!$B$2:$B$618,$A3,'Data filtrees'!$C$2:$C$618,5),AVERAGEIFS('Data filtrees'!$L$2:$L$618,'Data filtrees'!$C$2:$C$618,5)) | G7: =IF(G3>=5,AVERAGEIFS('Data filtrees'!$L$2:$L$618,'Data filtrees'!$B$2:$B$618,$A3,'Data filtrees'!$C$2:$C$618,6),AVERAGEIFS('Data filtrees'!$L$2:$L$618,'Data filtrees'!$C$2:$C$618,6)) | H7: =IF(H3>=5,AVERAGEIFS('Data filtrees'!$L$2:$L$618,'Data filtrees'!$B$2:$B$618,$A3,'Data filtrees'!$C$2:$C$618,7),AVERAGEIFS('Data filtrees'!$L$2:$L$618,'Data filtrees'!$C$2:$C$618,7)) | I7: =IF(I3>=5,AVERAGEIFS('Data filtrees'!$L$2:$L$618,'Data filtrees'!$B$2:$B$618,$A3,'Data filtrees'!$C$2:$C$618,8),AVERAGEIFS('Data filtrees'!$L$2:$L$618,'Data filtrees'!$C$2:$C$618,8)) | J7: =IF(J3>=5,AVERAGEIFS('Data filtrees'!$L$2:$L$618,'Data filtrees'!$B$2:$B$618,$A3,'Data filtrees'!$C$2:$C$618,9),AVERAGEIFS('Data filtrees'!$L$2:$L$618,'Data filtrees'!$C$2:$C$618,9)) | K7: =IF(K3>=5,AVERAGEIFS('Data filtrees'!$L$2:$L$618,'Data filtrees'!$B$2:$B$618,$A3,'Data filtrees'!$C$2:$C$618,10),AVERAGEIFS('Data filtrees'!$L$2:$L$618,'Data filtrees'!$C$2:$C$618,10)) | L7: =IF(L3>=5,AVERAGEIFS('Data filtrees'!$L$2:$L$618,'Data filtrees'!$B$2:$B$618,$A3,'Data filtrees'!$C$2:$C$618,11),AVERAGEIFS('Data filtrees'!$L$2:$L$618,'Data filtrees'!$C$2:$C$618,11)) | M7: =IF(M3>=5,AVERAGEIFS('Data filtrees'!$L$2:$L$618,'Data filtrees'!$B$2:$B$618,$A3,'Data filtrees'!$C$2:$C$618,12),AVERAGEIFS('Data filtrees'!$L$2:$L$618,'Data filtrees'!$C$2:$C$618,12))
A8: IBON | B8: =IF(B4>=5,AVERAGEIFS('Data filtrees'!$L$2:$L$618,'Data filtrees'!$B$2:$B$618,$A4,'Data filtrees'!$C$2:$C$618,1),AVERAGEIFS('Data filtrees'!$L$2:$L$618,'Data filtrees'!$C$2:$C$618,1)) | C8: =IF(C4>=5,AVERAGEIFS('Data filtrees'!$L$2:$L$618,'Data filtrees'!$B$2:$B$618,$A4,'Data filtrees'!$C$2:$C$618,2),AVERAGEIFS('Data filtrees'!$L$2:$L$618,'Data filtrees'!$C$2:$C$618,2)) | D8: =IF(D4>=5,AVERAGEIFS('Data filtrees'!$L$2:$L$618,'Data filtrees'!$B$2:$B$618,$A4,'Data filtrees'!$C$2:$C$618,3),AVERAGEIFS('Data filtrees'!$L$2:$L$618,'Data filtrees'!$C$2:$C$618,3)) | E8: =IF(E4>=5,AVERAGEIFS('Data filtrees'!$L$2:$L$618,'Data filtrees'!$B$2:$B$618,$A4,'Data filtrees'!$C$2:$C$618,4),AVERAGEIFS('Data filtrees'!$L$2:$L$618,'Data filtrees'!$C$2:$C$618,4)) | F8: =IF(F4>=5,AVERAGEIFS('Data filtrees'!$L$2:$L$618,'Data filtrees'!$B$2:$B$618,$A4,'Data filtrees'!$C$2:$C$618,5),AVERAGEIFS('Data filtrees'!$L$2:$L$618,'Data filtrees'!$C$2:$C$618,5)) | G8: =IF(G4>=5,AVERAGEIFS('Data filtrees'!$L$2:$L$618,'Data filtrees'!$B$2:$B$618,$A4,'Data filtrees'!$C$2:$C$618,6),AVERAGEIFS('Data filtrees'!$L$2:$L$618,'Data filtrees'!$C$2:$C$618,6)) | H8: =IF(H4>=5,AVERAGEIFS('Data filtrees'!$L$2:$L$618,'Data filtrees'!$B$2:$B$618,$A4,'Data filtrees'!$C$2:$C$618,7),AVERAGEIFS('Data filtrees'!$L$2:$L$618,'Data filtrees'!$C$2:$C$618,7)) | I8: =IF(I4>=5,AVERAGEIFS('Data filtrees'!$L$2:$L$618,'Data filtrees'!$B$2:$B$618,$A4,'Data filtrees'!$C$2:$C$618,8),AVERAGEIFS('Data filtrees'!$L$2:$L$618,'Data filtrees'!$C$2:$C$618,8)) | J8: =IF(J4>=5,AVERAGEIFS('Data filtrees'!$L$2:$L$618,'Data filtrees'!$B$2:$B$618,$A4,'Data filtrees'!$C$2:$C$618,9),AVERAGEIFS('Data filtrees'!$L$2:$L$618,'Data filtrees'!$C$2:$C$618,9)) | K8: =IF(K4>=5,AVERAGEIFS('Data filtrees'!$L$2:$L$618,'Data filtrees'!$B$2:$B$618,$A4,'Data filtrees'!$C$2:$C$618,10),AVERAGEIFS('Data filtrees'!$L$2:$L$618,'Data filtrees'!$C$2:$C$618,10)) | L8: =IF(L4>=5,AVERAGEIFS('Data filtrees'!$L$2:$L$618,'Data filtrees'!$B$2:$B$618,$A4,'Data filtrees'!$C$2:$C$618,11),AVERAGEIFS('Data filtrees'!$L$2:$L$618,'Data filtrees'!$C$2:$C$618,11)) | M8: =IF(M4>=5,AVERAGEIFS('Data filtrees'!$L$2:$L$618,'Data filtrees'!$B$2:$B$618,$A4,'Data filtrees'!$C$2:$C$618,12),AVERAGEIFS('Data filtrees'!$L$2:$L$618,'Data filtrees'!$C$2:$C$618,12))
A9: monthly_average | B9: =AVERAGEIFS('Data filtrees'!$L$2:$L$618,'Data filtrees'!$C$2:$C$618,1) | C9: =AVERAGEIFS('Data filtrees'!$L$2:$L$618,'Data filtrees'!$C$2:$C$618,2) | D9: =AVERAGEIFS('Data filtrees'!$L$2:$L$618,'Data filtrees'!$C$2:$C$618,3) | E9: =AVERAGEIFS('Data filtrees'!$L$2:$L$618,'Data filtrees'!$C$2:$C$618,4) | F9: =AVERAGEIFS('Data filtrees'!$L$2:$L$618,'Data filtrees'!$C$2:$C$618,5) | G9: =AVERAGEIFS('Data filtrees'!$L$2:$L$618,'Data filtrees'!$C$2:$C$618,6) | H9: =AVERAGEIFS('Data filtrees'!$L$2:$L$618,'Data filtrees'!$C$2:$C$618,7) | I9: =AVERAGEIFS('Data filtrees'!$L$2:$L$618,'Data filtrees'!$C$2:$C$618,8) | J9: =AVERAGEIFS('Data filtrees'!$L$2:$L$618,'Data filtrees'!$C$2:$C$618,9) | K9: =AVERAGEIFS('Data filtrees'!$L$2:$L$618,'Data filtrees'!$C$2:$C$618,10) | L9: =AVERAGEIFS('Data filtrees'!$L$2:$L$618,'Data filtrees'!$C$2:$C$618,11) | M9: =AVERAGEIFS('Data filtrees'!$L$2:$L$618,'Data filtrees'!$C$2:$C$618,12)
A11: Au moins 5 couches : moyenne du cahier des charges. En dessous : moyenne du mois, tous cahiers des charges confondus.

Sheet coloration_EBC
A1: Couleur EBC — nombre de couches, puis moyenne
A2: NB | B2: 1 | C2: 2 | D2: 3 | E2: 4 | F2: 5 | G2: 6 | H2: 7 | I2: 8 | J2: 9 | K2: 10 | L2: 11 | M2: 12
A3: 2RS | B3: =COUNTIFS('Data filtrees'!$B$2:$B$618,$A3,'Data filtrees'!$C$2:$C$618,1,'Data filtrees'!$M$2:$M$618,"<>") | C3: =COUNTIFS('Data filtrees'!$B$2:$B$618,$A3,'Data filtrees'!$C$2:$C$618,2,'Data filtrees'!$M$2:$M$618,"<>") | D3: =COUNTIFS('Data filtrees'!$B$2:$B$618,$A3,'Data filtrees'!$C$2:$C$618,3,'Data filtrees'!$M$2:$M$618,"<>") | E3: =COUNTIFS('Data filtrees'!$B$2:$B$618,$A3,'Data filtrees'!$C$2:$C$618,4,'Data filtrees'!$M$2:$M$618,"<>") | F3: =COUNTIFS('Data filtrees'!$B$2:$B$618,$A3,'Data filtrees'!$C$2:$C$618,5,'Data filtrees'!$M$2:$M$618,"<>") | G3: =COUNTIFS('Data filtrees'!$B$2:$B$618,$A3,'Data filtrees'!$C$2:$C$618,6,'Data filtrees'!$M$2:$M$618,"<>") | H3: =COUNTIFS('Data filtrees'!$B$2:$B$618,$A3,'Data filtrees'!$C$2:$C$618,7,'Data filtrees'!$M$2:$M$618,"<>") | I3: =COUNTIFS('Data filtrees'!$B$2:$B$618,$A3,'Data filtrees'!$C$2:$C$618,8,'Data filtrees'!$M$2:$M$618,"<>") | J3: =COUNTIFS('Data filtrees'!$B$2:$B$618,$A3,'Data filtrees'!$C$2:$C$618,9,'Data filtrees'!$M$2:$M$618,"<>") | K3: =COUNTIFS('Data filtrees'!$B$2:$B$618,$A3,'Data filtrees'!$C$2:$C$618,10,'Data filtrees'!$M$2:$M$618,"<>") | L3: =COUNTIFS('Data filtrees'!$B$2:$B$618,$A3,'Data filtrees'!$C$2:$C$618,11,'Data filtrees'!$M$2:$M$618,"<>") | M3: =COUNTIFS('Data filtrees'!$B$2:$B$618,$A3,'Data filtrees'!$C$2:$C$618,12,'Data filtrees'!$M$2:$M$618,"<>")
A4: IBON | B4: =COUNTIFS('Data filtrees'!$B$2:$B$618,$A4,'Data filtrees'!$C$2:$C$618,1,'Data filtrees'!$M$2:$M$618,"<>") | C4: =COUNTIFS('Data filtrees'!$B$2:$B$618,$A4,'Data filtrees'!$C$2:$C$618,2,'Data filtrees'!$M$2:$M$618,"<>") | D4: =COUNTIFS('Data filtrees'!$B$2:$B$618,$A4,'Data filtrees'!$C$2:$C$618,3,'Data filtrees'!$M$2:$M$618,"<>") | E4: =COUNTIFS('Data filtrees'!$B$2:$B$618,$A4,'Data filtrees'!$C$2:$C$618,4,'Data filtrees'!$M$2:$M$618,"<>") | F4: =COUNTIFS('Data filtrees'!$B$2:$B$618,$A4,'Data filtrees'!$C$2:$C$618,5,'Data filtrees'!$M$2:$M$618,"<>") | G4: =COUNTIFS('Data filtrees'!$B$2:$B$618,$A4,'Data filtrees'!$C$2:$C$618,6,'Data filtrees'!$M$2:$M$618,"<>") | H4: =COUNTIFS('Data filtrees'!$B$2:$B$618,$A4,'Data filtrees'!$C$2:$C$618,7,'Data filtrees'!$M$2:$M$618,"<>") | I4: =COUNTIFS('Data filtrees'!$B$2:$B$618,$A4,'Data filtrees'!$C$2:$C$618,8,'Data filtrees'!$M$2:$M$618,"<>") | J4: =COUNTIFS('Data filtrees'!$B$2:$B$618,$A4,'Data filtrees'!$C$2:$C$618,9,'Data filtrees'!$M$2:$M$618,"<>") | K4: =COUNTIFS('Data filtrees'!$B$2:$B$618,$A4,'Data filtrees'!$C$2:$C$618,10,'Data filtrees'!$M$2:$M$618,"<>") | L4: =COUNTIFS('Data filtrees'!$B$2:$B$618,$A4,'Data filtrees'!$C$2:$C$618,11,'Data filtrees'!$M$2:$M$618,"<>") | M4: =COUNTIFS('Data filtrees'!$B$2:$B$618,$A4,'Data filtrees'!$C$2:$C$618,12,'Data filtrees'!$M$2:$M$618,"<>")
A6: MOYENNE | B6: 1 | C6: 2 | D6: 3 | E6: 4 | F6: 5 | G6: 6 | H6: 7 | I6: 8 | J6: 9 | K6: 10 | L6: 11 | M6: 12
A7: 2RS | B7: =IF(B3>=5,AVERAGEIFS('Data filtrees'!$M$2:$M$618,'Data filtrees'!$B$2:$B$618,$A3,'Data filtrees'!$C$2:$C$618,1),AVERAGEIFS('Data filtrees'!$M$2:$M$618,'Data filtrees'!$C$2:$C$618,1)) | C7: =IF(C3>=5,AVERAGEIFS('Data filtrees'!$M$2:$M$618,'Data filtrees'!$B$2:$B$618,$A3,'Data filtrees'!$C$2:$C$618,2),AVERAGEIFS('Data filtrees'!$M$2:$M$618,'Data filtrees'!$C$2:$C$618,2)) | D7: =IF(D3>=5,AVERAGEIFS('Data filtrees'!$M$2:$M$618,'Data filtrees'!$B$2:$B$618,$A3,'Data filtrees'!$C$2:$C$618,3),AVERAGEIFS('Data filtrees'!$M$2:$M$618,'Data filtrees'!$C$2:$C$618,3)) | E7: =IF(E3>=5,AVERAGEIFS('Data filtrees'!$M$2:$M$618,'Data filtrees'!$B$2:$B$618,$A3,'Data filtrees'!$C$2:$C$618,4),AVERAGEIFS('Data filtrees'!$M$2:$M$618,'Data filtrees'!$C$2:$C$618,4)) | F7: =IF(F3>=5,AVERAGEIFS('Data filtrees'!$M$2:$M$618,'Data filtrees'!$B$2:$B$618,$A3,'Data filtrees'!$C$2:$C$618,5),AVERAGEIFS('Data filtrees'!$M$2:$M$618,'Data filtrees'!$C$2:$C$618,5)) | G7: =IF(G3>=5,AVERAGEIFS('Data filtrees'!$M$2:$M$618,'Data filtrees'!$B$2:$B$618,$A3,'Data filtrees'!$C$2:$C$618,6),AVERAGEIFS('Data filtrees'!$M$2:$M$618,'Data filtrees'!$C$2:$C$618,6)) | H7: =IF(H3>=5,AVERAGEIFS('Data filtrees'!$M$2:$M$618,'Data filtrees'!$B$2:$B$618,$A3,'Data filtrees'!$C$2:$C$618,7),AVERAGEIFS('Data filtrees'!$M$2:$M$618,'Data filtrees'!$C$2:$C$618,7)) | I7: =IF(I3>=5,AVERAGEIFS('Data filtrees'!$M$2:$M$618,'Data filtrees'!$B$2:$B$618,$A3,'Data filtrees'!$C$2:$C$618,8),AVERAGEIFS('Data filtrees'!$M$2:$M$618,'Data filtrees'!$C$2:$C$618,8)) | J7: =IF(J3>=5,AVERAGEIFS('Data filtrees'!$M$2:$M$618,'Data filtrees'!$B$2:$B$618,$A3,'Data filtrees'!$C$2:$C$618,9),AVERAGEIFS('Data filtrees'!$M$2:$M$618,'Data filtrees'!$C$2:$C$618,9)) | K7: =IF(K3>=5,AVERAGEIFS('Data filtrees'!$M$2:$M$618,'Data filtrees'!$B$2:$B$618,$A3,'Data filtrees'!$C$2:$C$618,10),AVERAGEIFS('Data filtrees'!$M$2:$M$618,'Data filtrees'!$C$2:$C$618,10)) | L7: =IF(L3>=5,AVERAGEIFS('Data filtrees'!$M$2:$M$618,'Data filtrees'!$B$2:$B$618,$A3,'Data filtrees'!$C$2:$C$618,11),AVERAGEIFS('Data filtrees'!$M$2:$M$618,'Data filtrees'!$C$2:$C$618,11)) | M7: =IF(M3>=5,AVERAGEIFS('Data filtrees'!$M$2:$M$618,'Data filtrees'!$B$2:$B$618,$A3,'Data filtrees'!$C$2:$C$618,12),AVERAGEIFS('Data filtrees'!$M$2:$M$618,'Data filtrees'!$C$2:$C$618,12))
A8: IBON | B8: =IF(B4>=5,AVERAGEIFS('Data filtrees'!$M$2:$M$618,'Data filtrees'!$B$2:$B$618,$A4,'Data filtrees'!$C$2:$C$618,1),AVERAGEIFS('Data filtrees'!$M$2:$M$618,'Data filtrees'!$C$2:$C$618,1)) | C8: =IF(C4>=5,AVERAGEIFS('Data filtrees'!$M$2:$M$618,'Data filtrees'!$B$2:$B$618,$A4,'Data filtrees'!$C$2:$C$618,2),AVERAGEIFS('Data filtrees'!$M$2:$M$618,'Data filtrees'!$C$2:$C$618,2)) | D8: =IF(D4>=5,AVERAGEIFS('Data filtrees'!$M$2:$M$618,'Data filtrees'!$B$2:$B$618,$A4,'Data filtrees'!$C$2:$C$618,3),AVERAGEIFS('Data filtrees'!$M$2:$M$618,'Data filtrees'!$C$2:$C$618,3)) | E8: =IF(E4>=5,AVERAGEIFS('Data filtrees'!$M$2:$M$618,'Data filtrees'!$B$2:$B$618,$A4,'Data filtrees'!$C$2:$C$618,4),AVERAGEIFS('Data filtrees'!$M$2:$M$618,'Data filtrees'!$C$2:$C$618,4)) | F8: =IF(F4>=5,AVERAGEIFS('Data filtrees'!$M$2:$M$618,'Data filtrees'!$B$2:$B$618,$A4,'Data filtrees'!$C$2:$C$618,5),AVERAGEIFS('Data filtrees'!$M$2:$M$618,'Data filtrees'!$C$2:$C$618,5)) | G8: =IF(G4>=5,AVERAGEIFS('Data filtrees'!$M$2:$M$618,'Data filtrees'!$B$2:$B$618,$A4,'Data filtrees'!$C$2:$C$618,6),AVERAGEIFS('Data filtrees'!$M$2:$M$618,'Data filtrees'!$C$2:$C$618,6)) | H8: =IF(H4>=5,AVERAGEIFS('Data filtrees'!$M$2:$M$618,'Data filtrees'!$B$2:$B$618,$A4,'Data filtrees'!$C$2:$C$618,7),AVERAGEIFS('Data filtrees'!$M$2:$M$618,'Data filtrees'!$C$2:$C$618,7)) | I8: =IF(I4>=5,AVERAGEIFS('Data filtrees'!$M$2:$M$618,'Data filtrees'!$B$2:$B$618,$A4,'Data filtrees'!$C$2:$C$618,8),AVERAGEIFS('Data filtrees'!$M$2:$M$618,'Data filtrees'!$C$2:$C$618,8)) | J8: =IF(J4>=5,AVERAGEIFS('Data filtrees'!$M$2:$M$618,'Data filtrees'!$B$2:$B$618,$A4,'Data filtrees'!$C$2:$C$618,9),AVERAGEIFS('Data filtrees'!$M$2:$M$618,'Data filtrees'!$C$2:$C$618,9)) | K8: =IF(K4>=5,AVERAGEIFS('Data filtrees'!$M$2:$M$618,'Data filtrees'!$B$2:$B$618,$A4,'Data filtrees'!$C$2:$C$618,10),AVERAGEIFS('Data filtrees'!$M$2:$M$618,'Data filtrees'!$C$2:$C$618,10)) | L8: =IF(L4>=5,AVERAGEIFS('Data filtrees'!$M$2:$M$618,'Data filtrees'!$B$2:$B$618,$A4,'Data filtrees'!$C$2:$C$618,11),AVERAGEIFS('Data filtrees'!$M$2:$M$618,'Data filtrees'!$C$2:$C$618,11)) | M8: =IF(M4>=5,AVERAGEIFS('Data filtrees'!$M$2:$M$618,'Data filtrees'!$B$2:$B$618,$A4,'Data filtrees'!$C$2:$C$618,12),AVERAGEIFS('Data filtrees'!$M$2:$M$618,'Data filtrees'!$C$2:$C$618,12))
A9: monthly_average | B9: =AVERAGEIFS('Data filtrees'!$M$2:$M$618,'Data filtrees'!$C$2:$C$618,1) | C9: =AVERAGEIFS('Data filtrees'!$M$2:$M$618,'Data filtrees'!$C$2:$C$618,2) | D9: =AVERAGEIFS('Data filtrees'!$M$2:$M$618,'Data filtrees'!$C$2:$C$618,3) | E9: =AVERAGEIFS('Data filtrees'!$M$2:$M$618,'Data filtrees'!$C$2:$C$618,4) | F9: =AVERAGEIFS('Data filtrees'!$M$2:$M$618,'Data filtrees'!$C$2:$C$618,5) | G9: =AVERAGEIFS('Data filtrees'!$M$2:$M$618,'Data filtrees'!$C$2:$C$618,6) | H9: =AVERAGEIFS('Data filtrees'!$M$2:$M$618,'Data filtrees'!$C$2:$C$618,7) | I9: =AVERAGEIFS('Data filtrees'!$M$2:$M$618,'Data filtrees'!$C$2:$C$618,8) | J9: =AVERAGEIFS('Data filtrees'!$M$2:$M$618,'Data filtrees'!$C$2:$C$618,9) | K9: =AVERAGEIFS('Data filtrees'!$M$2:$M$618,'Data filtrees'!$C$2:$C$618,10) | L9: =AVERAGEIFS('Data filtrees'!$M$2:$M$618,'Data filtrees'!$C$2:$C$618,11) | M9: =AVERAGEIFS('Data filtrees'!$M$2:$M$618,'Data filtrees'!$C$2:$C$618,12)
A11: Au moins 5 couches : moyenne du cahier des charges. En dessous : moyenne du mois, tous cahiers des charges confondus.

Sheet betaG
A1: Beta-glucanes — nombre de couches, puis moyenne
A2: NB | B2: 1 | C2: 2 | D2: 3 | E2: 4 | F2: 5 | G2: 6 | H2: 7 | I2: 8 | J2: 9 | K2: 10 | L2: 11 | M2: 12
A3: 2RS | B3: =COUNTIFS('Data filtrees'!$B$2:$B$618,$A3,'Data filtrees'!$C$2:$C$618,1,'Data filtrees'!$N$2:$N$618,"<>") | C3: =COUNTIFS('Data filtrees'!$B$2:$B$618,$A3,'Data filtrees'!$C$2:$C$618,2,'Data filtrees'!$N$2:$N$618,"<>") | D3: =COUNTIFS('Data filtrees'!$B$2:$B$618,$A3,'Data filtrees'!$C$2:$C$618,3,'Data filtrees'!$N$2:$N$618,"<>") | E3: =COUNTIFS('Data filtrees'!$B$2:$B$618,$A3,'Data filtrees'!$C$2:$C$618,4,'Data filtrees'!$N$2:$N$618,"<>") | F3: =COUNTIFS('Data filtrees'!$B$2:$B$618,$A3,'Data filtrees'!$C$2:$C$618,5,'Data filtrees'!$N$2:$N$618,"<>") | G3: =COUNTIFS('Data filtrees'!$B$2:$B$618,$A3,'Data filtrees'!$C$2:$C$618,6,'Data filtrees'!$N$2:$N$618,"<>") | H3: =COUNTIFS('Data filtrees'!$B$2:$B$618,$A3,'Data filtrees'!$C$2:$C$618,7,'Data filtrees'!$N$2:$N$618,"<>") | I3: =COUNTIFS('Data filtrees'!$B$2:$B$618,$A3,'Data filtrees'!$C$2:$C$618,8,'Data filtrees'!$N$2:$N$618,"<>") | J3: =COUNTIFS('Data filtrees'!$B$2:$B$618,$A3,'Data filtrees'!$C$2:$C$618,9,'Data filtrees'!$N$2:$N$618,"<>") | K3: =COUNTIFS('Data filtrees'!$B$2:$B$618,$A3,'Data filtrees'!$C$2:$C$618,10,'Data filtrees'!$N$2:$N$618,"<>") | L3: =COUNTIFS('Data filtrees'!$B$2:$B$618,$A3,'Data filtrees'!$C$2:$C$618,11,'Data filtrees'!$N$2:$N$618,"<>") | M3: =COUNTIFS('Data filtrees'!$B$2:$B$618,$A3,'Data filtrees'!$C$2:$C$618,12,'Data filtrees'!$N$2:$N$618,"<>")
A4: IBON | B4: =COUNTIFS('Data filtrees'!$B$2:$B$618,$A4,'Data filtrees'!$C$2:$C$618,1,'Data filtrees'!$N$2:$N$618,"<>") | C4: =COUNTIFS('Data filtrees'!$B$2:$B$618,$A4,'Data filtrees'!$C$2:$C$618,2,'Data filtrees'!$N$2:$N$618,"<>") | D4: =COUNTIFS('Data filtrees'!$B$2:$B$618,$A4,'Data filtrees'!$C$2:$C$618,3,'Data filtrees'!$N$2:$N$618,"<>") | E4: =COUNTIFS('Data filtrees'!$B$2:$B$618,$A4,'Data filtrees'!$C$2:$C$618,4,'Data filtrees'!$N$2:$N$618,"<>") | F4: =COUNTIFS('Data filtrees'!$B$2:$B$618,$A4,'Data filtrees'!$C$2:$C$618,5,'Data filtrees'!$N$2:$N$618,"<>") | G4: =COUNTIFS('Data filtrees'!$B$2:$B$618,$A4,'Data filtrees'!$C$2:$C$618,6,'Data filtrees'!$N$2:$N$618,"<>") | H4: =COUNTIFS('Data filtrees'!$B$2:$B$618,$A4,'Data filtrees'!$C$2:$C$618,7,'Data filtrees'!$N$2:$N$618,"<>") | I4: =COUNTIFS('Data filtrees'!$B$2:$B$618,$A4,'Data filtrees'!$C$2:$C$618,8,'Data filtrees'!$N$2:$N$618,"<>") | J4: =COUNTIFS('Data filtrees'!$B$2:$B$618,$A4,'Data filtrees'!$C$2:$C$618,9,'Data filtrees'!$N$2:$N$618,"<>") | K4: =COUNTIFS('Data filtrees'!$B$2:$B$618,$A4,'Data filtrees'!$C$2:$C$618,10,'Data filtrees'!$N$2:$N$618,"<>") | L4: =COUNTIFS('Data filtrees'!$B$2:$B$618,$A4,'Data filtrees'!$C$2:$C$618,11,'Data filtrees'!$N$2:$N$618,"<>") | M4: =COUNTIFS('Data filtrees'!$B$2:$B$618,$A4,'Data filtrees'!$C$2:$C$618,12,'Data filtrees'!$N$2:$N$618,"<>")
A6: MOYENNE | B6: 1 | C6: 2 | D6: 3 | E6: 4 | F6: 5 | G6: 6 | H6: 7 | I6: 8 | J6: 9 | K6: 10 | L6: 11 | M6: 12
A7: 2RS | B7: =IF(B3>=5,AVERAGEIFS('Data filtrees'!$N$2:$N$618,'Data filtrees'!$B$2:$B$618,$A3,'Data filtrees'!$C$2:$C$618,1),AVERAGEIFS('Data filtrees'!$N$2:$N$618,'Data filtrees'!$C$2:$C$618,1)) | C7: =IF(C3>=5,AVERAGEIFS('Data filtrees'!$N$2:$N$618,'Data filtrees'!$B$2:$B$618,$A3,'Data filtrees'!$C$2:$C$618,2),AVERAGEIFS('Data filtrees'!$N$2:$N$618,'Data filtrees'!$C$2:$C$618,2)) | D7: =IF(D3>=5,AVERAGEIFS('Data filtrees'!$N$2:$N$618,'Data filtrees'!$B$2:$B$618,$A3,'Data filtrees'!$C$2:$C$618,3),AVERAGEIFS('Data filtrees'!$N$2:$N$618,'Data filtrees'!$C$2:$C$618,3)) | E7: =IF(E3>=5,AVERAGEIFS('Data filtrees'!$N$2:$N$618,'Data filtrees'!$B$2:$B$618,$A3,'Data filtrees'!$C$2:$C$618,4),AVERAGEIFS('Data filtrees'!$N$2:$N$618,'Data filtrees'!$C$2:$C$618,4)) | F7: =IF(F3>=5,AVERAGEIFS('Data filtrees'!$N$2:$N$618,'Data filtrees'!$B$2:$B$618,$A3,'Data filtrees'!$C$2:$C$618,5),AVERAGEIFS('Data filtrees'!$N$2:$N$618,'Data filtrees'!$C$2:$C$618,5)) | G7: =IF(G3>=5,AVERAGEIFS('Data filtrees'!$N$2:$N$618,'Data filtrees'!$B$2:$B$618,$A3,'Data filtrees'!$C$2:$C$618,6),AVERAGEIFS('Data filtrees'!$N$2:$N$618,'Data filtrees'!$C$2:$C$618,6)) | H7: =IF(H3>=5,AVERAGEIFS('Data filtrees'!$N$2:$N$618,'Data filtrees'!$B$2:$B$618,$A3,'Data filtrees'!$C$2:$C$618,7),AVERAGEIFS('Data filtrees'!$N$2:$N$618,'Data filtrees'!$C$2:$C$618,7)) | I7: =IF(I3>=5,AVERAGEIFS('Data filtrees'!$N$2:$N$618,'Data filtrees'!$B$2:$B$618,$A3,'Data filtrees'!$C$2:$C$618,8),AVERAGEIFS('Data filtrees'!$N$2:$N$618,'Data filtrees'!$C$2:$C$618,8)) | J7: =IF(J3>=5,AVERAGEIFS('Data filtrees'!$N$2:$N$618,'Data filtrees'!$B$2:$B$618,$A3,'Data filtrees'!$C$2:$C$618,9),AVERAGEIFS('Data filtrees'!$N$2:$N$618,'Data filtrees'!$C$2:$C$618,9)) | K7: =IF(K3>=5,AVERAGEIFS('Data filtrees'!$N$2:$N$618,'Data filtrees'!$B$2:$B$618,$A3,'Data filtrees'!$C$2:$C$618,10),AVERAGEIFS('Data filtrees'!$N$2:$N$618,'Data filtrees'!$C$2:$C$618,10)) | L7: =IF(L3>=5,AVERAGEIFS('Data filtrees'!$N$2:$N$618,'Data filtrees'!$B$2:$B$618,$A3,'Data filtrees'!$C$2:$C$618,11),AVERAGEIFS('Data filtrees'!$N$2:$N$618,'Data filtrees'!$C$2:$C$618,11)) | M7: =IF(M3>=5,AVERAGEIFS('Data filtrees'!$N$2:$N$618,'Data filtrees'!$B$2:$B$618,$A3,'Data filtrees'!$C$2:$C$618,12),AVERAGEIFS('Data filtrees'!$N$2:$N$618,'Data filtrees'!$C$2:$C$618,12))
A8: IBON | B8: =IF(B4>=5,AVERAGEIFS('Data filtrees'!$N$2:$N$618,'Data filtrees'!$B$2:$B$618,$A4,'Data filtrees'!$C$2:$C$618,1),AVERAGEIFS('Data filtrees'!$N$2:$N$618,'Data filtrees'!$C$2:$C$618,1)) | C8: =IF(C4>=5,AVERAGEIFS('Data filtrees'!$N$2:$N$618,'Data filtrees'!$B$2:$B$618,$A4,'Data filtrees'!$C$2:$C$618,2),AVERAGEIFS('Data filtrees'!$N$2:$N$618,'Data filtrees'!$C$2:$C$618,2)) | D8: =IF(D4>=5,AVERAGEIFS('Data filtrees'!$N$2:$N$618,'Data filtrees'!$B$2:$B$618,$A4,'Data filtrees'!$C$2:$C$618,3),AVERAGEIFS('Data filtrees'!$N$2:$N$618,'Data filtrees'!$C$2:$C$618,3)) | E8: =IF(E4>=5,AVERAGEIFS('Data filtrees'!$N$2:$N$618,'Data filtrees'!$B$2:$B$618,$A4,'Data filtrees'!$C$2:$C$618,4),AVERAGEIFS('Data filtrees'!$N$2:$N$618,'Data filtrees'!$C$2:$C$618,4)) | F8: =IF(F4>=5,AVERAGEIFS('Data filtrees'!$N$2:$N$618,'Data filtrees'!$B$2:$B$618,$A4,'Data filtrees'!$C$2:$C$618,5),AVERAGEIFS('Data filtrees'!$N$2:$N$618,'Data filtrees'!$C$2:$C$618,5)) | G8: =IF(G4>=5,AVERAGEIFS('Data filtrees'!$N$2:$N$618,'Data filtrees'!$B$2:$B$618,$A4,'Data filtrees'!$C$2:$C$618,6),AVERAGEIFS('Data filtrees'!$N$2:$N$618,'Data filtrees'!$C$2:$C$618,6)) | H8: =IF(H4>=5,AVERAGEIFS('Data filtrees'!$N$2:$N$618,'Data filtrees'!$B$2:$B$618,$A4,'Data filtrees'!$C$2:$C$618,7),AVERAGEIFS('Data filtrees'!$N$2:$N$618,'Data filtrees'!$C$2:$C$618,7)) | I8: =IF(I4>=5,AVERAGEIFS('Data filtrees'!$N$2:$N$618,'Data filtrees'!$B$2:$B$618,$A4,'Data filtrees'!$C$2:$C$618,8),AVERAGEIFS('Data filtrees'!$N$2:$N$618,'Data filtrees'!$C$2:$C$618,8)) | J8: =IF(J4>=5,AVERAGEIFS('Data filtrees'!$N$2:$N$618,'Data filtrees'!$B$2:$B$618,$A4,'Data filtrees'!$C$2:$C$618,9),AVERAGEIFS('Data filtrees'!$N$2:$N$618,'Data filtrees'!$C$2:$C$618,9)) | K8: =IF(K4>=5,AVERAGEIFS('Data filtrees'!$N$2:$N$618,'Data filtrees'!$B$2:$B$618,$A4,'Data filtrees'!$C$2:$C$618,10),AVERAGEIFS('Data filtrees'!$N$2:$N$618,'Data filtrees'!$C$2:$C$618,10)) | L8: =IF(L4>=5,AVERAGEIFS('Data filtrees'!$N$2:$N$618,'Data filtrees'!$B$2:$B$618,$A4,'Data filtrees'!$C$2:$C$618,11),AVERAGEIFS('Data filtrees'!$N$2:$N$618,'Data filtrees'!$C$2:$C$618,11)) | M8: =IF(M4>=5,AVERAGEIFS('Data filtrees'!$N$2:$N$618,'Data filtrees'!$B$2:$B$618,$A4,'Data filtrees'!$C$2:$C$618,12),AVERAGEIFS('Data filtrees'!$N$2:$N$618,'Data filtrees'!$C$2:$C$618,12))
A9: monthly_average | B9: =AVERAGEIFS('Data filtrees'!$N$2:$N$618,'Data filtrees'!$C$2:$C$618,1) | C9: =AVERAGEIFS('Data filtrees'!$N$2:$N$618,'Data filtrees'!$C$2:$C$618,2) | D9: =AVERAGEIFS('Data filtrees'!$N$2:$N$618,'Data filtrees'!$C$2:$C$618,3) | E9: =AVERAGEIFS('Data filtrees'!$N$2:$N$618,'Data filtrees'!$C$2:$C$618,4) | F9: =AVERAGEIFS('Data filtrees'!$N$2:$N$618,'Data filtrees'!$C$2:$C$618,5) | G9: =AVERAGEIFS('Data filtrees'!$N$2:$N$618,'Data filtrees'!$C$2:$C$618,6) | H9: =AVERAGEIFS('Data filtrees'!$N$2:$N$618,'Data filtrees'!$C$2:$C$618,7) | I9: =AVERAGEIFS('Data filtrees'!$N$2:$N$618,'Data filtrees'!$C$2:$C$618,8) | J9: =AVERAGEIFS('Data filtrees'!$N$2:$N$618,'Data filtrees'!$C$2:$C$618,9) | K9: =AVERAGEIFS('Data filtrees'!$N$2:$N$618,'Data filtrees'!$C$2:$C$618,10) | L9: =AVERAGEIFS('Data filtrees'!$N$2:$N$618,'Data filtrees'!$C$2:$C$618,11) | M9: =AVERAGEIFS('Data filtrees'!$N$2:$N$618,'Data filtrees'!$C$2:$C$618,12)
A11: Au moins 5 couches : moyenne du cahier des charges. En dessous : moyenne du mois, tous cahiers des charges confondus.
